ID,CHURN,Gender,Status,Children,EstIncome,CarOwner,Age,LongDistance,International,Local,Dropped,Paymethod,LocalBilltype,LongDistanceBilltype,Usage,RatePlan
62,F,F,M,2,45287.6,Y,29.026667,0,0,2.97,0,CC,Budget,Standard,2.97,3
65,T,F,S,1,16326.7,N,50.613333,0,0,1.34,0,CC,FreeLocal,Intnl_discount,1.34,1
130,F,F,S,2,83073.7,N,39.553333,0,0,3.2,0,CC,Budget,Standard,3.2,4
135,T,F,S,2,2842.55,N,45.92,0,0,0.79,0,Auto,Budget,Intnl_discount,0.79,2
250,F,F,M,2,63234.5,Y,52.36,0,0,1.16,0,CH,FreeLocal,Intnl_discount,1.16,3
279,F,F,M,2,809.43,Y,31.913333,0,0,2.89,0,CH,FreeLocal,Intnl_discount,2.89,1
286,T,M,M,0,73400,Y,64.226667,0,0,2.21,0,CH,Budget,Standard,2.21,4
331,T,M,M,1,80000,N,53.213333,0,0,3.22,0,CC,Budget,Intnl_discount,3.22,3
351,F,F,M,2,24482.8,N,33.533333,0,0,2,0,CH,Budget,Intnl_discount,2,4
363,F,F,M,2,83259.3,N,50.88,0,0,4.46,0,CC,Budget,Standard,4.46,4
377,F,F,M,2,36660.9,Y,39.96,0,0,3.36,1,CH,Budget,Intnl_discount,3.36,1
410,F,M,S,0,15924.2,N,14.46,0,0,1.46,0,CH,FreeLocal,Standard,1.46,2
422,F,F,M,2,38215.9,N,30.886667,0,0,0.97,0,Auto,Budget,Standard,0.97,2
574,F,F,M,2,45287.6,Y,29.026667,0,0,2.97,0,CC,Budget,Standard,2.97,3
572,T,F,S,1,7737.94,N,42.666667,11.05,0,50.84,0,CC,FreeLocal,Standard,61.9,2
1084,T,F,S,1,7737.94,N,42.666667,11.05,0,50.84,0,CC,FreeLocal,Standard,61.9,4
1596,T,F,S,1,7737.94,N,42.666667,11.05,0,50.84,0,CC,FreeLocal,Standard,61.9,3
407,F,F,M,2,84948,Y,29.446667,11.14,0,12.58,0,CH,FreeLocal,Intnl_discount,23.73,3
919,F,F,M,2,84948,Y,29.446667,11.14,0,12.58,0,CH,FreeLocal,Intnl_discount,23.73,3
1431,F,F,M,2,84948,Y,29.446667,11.14,0,12.58,0,CH,FreeLocal,Intnl_discount,23.73,2
1943,F,F,M,2,84948,Y,29.446667,11.14,0,12.58,0,CH,FreeLocal,Intnl_discount,23.73,1
2204,F,F,M,2,84948,Y,29.446667,11.14,0,12.58,0,CH,FreeLocal,Intnl_discount,23.73,1
2473,F,F,M,2,84948,Y,29.446667,11.14,0,12.58,0,CH,FreeLocal,Intnl_discount,23.73,1
2717,F,F,M,2,84948,Y,29.446667,11.14,0,12.58,0,CH,FreeLocal,Intnl_discount,23.73,3
2981,F,F,M,2,84948,Y,29.446667,11.14,0,12.58,0,CH,FreeLocal,Intnl_discount,23.73,1
3225,F,F,M,2,84948,Y,29.446667,11.14,0,12.58,0,CH,FreeLocal,Intnl_discount,23.73,3
45,T,M,S,2,89459.9,N,53.28,11.54,1.61,22.9,0,CC,FreeLocal,Standard,36.05,2
557,T,M,S,2,89459.9,N,53.28,11.54,1.61,22.9,0,CC,FreeLocal,Standard,36.05,3
1069,T,M,S,2,89459.9,N,53.28,11.54,1.61,22.9,0,CC,FreeLocal,Standard,36.05,2
1581,T,M,S,2,89459.9,N,53.28,11.54,1.61,22.9,0,CC,FreeLocal,Standard,36.05,2
2068,T,M,S,2,89459.9,N,53.28,11.54,1.61,22.9,0,CC,FreeLocal,Standard,36.05,2
2312,T,M,S,2,89459.9,N,53.28,11.54,1.61,22.9,0,CC,FreeLocal,Standard,36.05,4
2581,T,M,S,2,89459.9,N,53.28,11.54,1.61,22.9,0,CC,FreeLocal,Standard,36.05,4
2825,T,M,S,2,89459.9,N,53.28,11.54,1.61,22.9,0,CC,FreeLocal,Standard,36.05,2
2845,T,M,S,2,89459.9,N,53.28,11.54,1.61,22.9,0,CC,FreeLocal,Standard,36.05,2
3089,T,M,S,2,89459.9,N,53.28,11.54,1.61,22.9,0,CC,FreeLocal,Standard,36.05,2
158,F,M,M,2,1406.05,Y,19.306667,11.55,0,15.17,0,CC,Budget,Standard,26.72,1
670,F,M,M,2,1406.05,Y,19.306667,11.55,0,15.17,0,CC,Budget,Standard,26.72,3
1182,F,M,M,2,1406.05,Y,19.306667,11.55,0,15.17,0,CC,Budget,Standard,26.72,1
1299,F,F,M,1,38738.3,N,60,11.55,0,48.18,0,CC,Budget,Intnl_discount,59.73,1
1694,F,M,M,2,1406.05,Y,19.306667,11.55,0,15.17,0,CC,Budget,Standard,26.72,2
2857,T,F,M,1,50735.1,Y,36.253333,11.62,0,16.76,0,CC,Budget,Standard,28.38,4
154,T,M,S,0,65000,Y,45.653333,11.63,9.7,115.66,1,Auto,FreeLocal,Intnl_discount,137,4
666,T,M,S,0,69000,Y,52.266667,11.63,9.7,115.66,1,CC,FreeLocal,Intnl_discount,137,4
1178,T,M,S,0,65000,Y,52.266667,11.63,9.7,115.66,1,Auto,FreeLocal,Intnl_discount,137,1
1690,T,M,S,0,69000,Y,42,11.63,9.7,115.66,1,CH,FreeLocal,Intnl_discount,137,1
89,T,F,S,2,38280,N,33.74,11.64,0,74.97,0,Auto,FreeLocal,Intnl_discount,86.61,4
601,T,F,S,2,38280,N,33.74,11.64,0,74.97,0,Auto,FreeLocal,Intnl_discount,86.61,4
1113,F,F,S,2,38280,N,33.74,11.64,0,74.97,0,Auto,FreeLocal,Intnl_discount,86.61,2
1625,T,F,S,2,38280,N,33.74,11.64,0,74.97,0,Auto,FreeLocal,Intnl_discount,86.61,4
2613,F,F,S,2,38280,N,33.74,11.64,0,74.97,0,Auto,FreeLocal,Intnl_discount,86.61,2
80,F,F,S,2,66182.7,Y,62.48,11.7,0,47.17,0,Auto,Budget,Standard,58.87,2
276,F,F,M,2,60485.5,N,41.666667,11.7,0,28.7,0,Auto,Budget,Intnl_discount,40.41,1
592,F,F,S,2,66182.7,Y,62.48,11.7,0,47.17,0,Auto,Budget,Standard,58.87,2
788,F,F,M,2,60485.5,N,41.666667,11.7,0,28.7,0,Auto,Budget,Intnl_discount,40.41,3
1104,F,F,S,2,66182.7,Y,62.48,11.7,0,47.17,0,Auto,Budget,Standard,58.87,4
1300,F,F,M,2,60485.5,N,41.666667,11.7,0,28.7,0,Auto,Budget,Intnl_discount,40.41,4
1616,F,F,S,2,66182.7,Y,62.48,11.7,0,47.17,0,Auto,Budget,Standard,58.87,2
1812,F,F,M,2,60485.5,N,41.666667,11.7,0,28.7,0,Auto,Budget,Intnl_discount,40.41,1
195,T,F,S,1,12526.3,N,53.553333,11.72,0,28.86,0,CC,FreeLocal,Intnl_discount,40.59,2
438,T,M,M,1,66931.9,N,63.933333,11.72,0.39,5.35,0,CC,Budget,Standard,17.46,4
707,T,F,S,1,12526.3,N,53.553333,11.72,0,28.86,0,CC,FreeLocal,Intnl_discount,40.59,1
950,T,M,M,1,66931.9,N,63.933333,11.72,0.39,5.35,0,CC,Budget,Standard,17.46,3
1219,T,F,S,1,12526.3,N,53.553333,11.72,0,28.86,0,CC,FreeLocal,Intnl_discount,40.59,3
1462,T,M,M,1,66931.9,N,63.933333,11.72,0.39,5.35,0,CC,Budget,Standard,17.46,3
1731,T,F,S,1,12526.3,N,53.553333,11.72,0,28.86,0,CC,FreeLocal,Intnl_discount,40.59,2
1974,T,M,M,1,66931.9,N,63.933333,11.72,0.39,5.35,0,CC,Budget,Standard,17.46,4
2232,T,M,M,1,66931.9,N,63.933333,11.72,0.39,5.35,0,CC,Budget,Standard,17.46,1
2501,T,M,M,1,66931.9,N,63.933333,11.72,0.39,5.35,0,CC,Budget,Standard,17.46,1
2745,T,M,M,1,66931.9,N,63.933333,11.72,0.39,5.35,0,CC,Budget,Standard,17.46,3
3009,T,M,M,1,66931.9,N,63.933333,11.72,0.39,5.35,0,CC,Budget,Standard,17.46,3
3253,T,M,M,1,66931.9,N,63.933333,11.72,0.39,5.35,0,CC,Budget,Standard,17.46,1
461,T,M,M,0,96223.4,Y,64.76,11.81,0.63,5.73,0,CC,FreeLocal,Standard,18.18,1
973,T,M,M,0,96223.4,Y,64.76,11.81,0.63,5.73,0,CC,FreeLocal,Standard,18.18,3
1485,T,M,M,0,96223.4,Y,64.76,11.81,0.63,5.73,0,CC,FreeLocal,Standard,18.18,2
1997,T,M,M,0,96223.4,Y,64.76,11.81,0.63,5.73,0,CC,FreeLocal,Standard,18.18,1
198,T,F,S,2,14578.8,Y,60.933333,11.91,0,95.1,0,Auto,Budget,Standard,107.02,1
710,T,F,S,2,14578.8,Y,60.933333,11.91,0,95.1,0,Auto,Budget,Standard,107.02,1
1222,T,F,S,2,14578.8,Y,60.933333,11.91,0,95.1,0,Auto,Budget,Standard,107.02,1
1734,T,F,S,2,14578.8,Y,60.933333,11.91,0,95.1,0,Auto,Budget,Standard,107.02,2
2134,T,F,S,2,14578.8,Y,60.933333,11.91,0,95.1,0,Auto,Budget,Standard,107.02,1
2403,T,F,S,2,14578.8,Y,60.933333,11.91,0,95.1,0,Auto,Budget,Standard,107.02,2
2647,T,F,S,2,14578.8,Y,60.933333,11.91,0,95.1,0,Auto,Budget,Standard,107.02,1
2911,T,F,S,2,14578.8,Y,60.933333,11.91,0,95.1,0,Auto,Budget,Standard,107.02,3
3155,T,F,S,2,14578.8,Y,60.933333,11.91,0,95.1,0,Auto,Budget,Standard,107.02,3
180,T,M,M,0,76161.4,Y,44.573333,11.96,0,25.58,0,CC,FreeLocal,Standard,37.55,4
692,T,M,M,0,76161.4,Y,44.573333,11.96,0,25.58,0,CC,FreeLocal,Standard,37.55,3
1204,T,M,M,1,76161.4,Y,44.573333,11.96,0,25.58,0,CC,FreeLocal,Standard,37.55,3
1716,T,M,M,0,76161.4,Y,44.573333,11.96,0,25.58,0,CC,FreeLocal,Standard,37.55,3
2123,T,M,M,1,76161.4,Y,44.573333,11.96,0,25.58,0,CC,FreeLocal,Standard,37.55,3
2392,T,M,M,0,76161.4,Y,44.573333,11.96,0,25.58,0,CC,FreeLocal,Standard,37.55,1
2636,T,M,M,1,76161.4,Y,44.573333,11.96,0,25.58,0,CC,FreeLocal,Standard,37.55,4
2900,T,M,M,0,76161.4,Y,44.573333,11.96,0,25.58,0,CC,FreeLocal,Standard,37.55,1
3144,T,M,M,0,76161.4,Y,44.573333,11.96,0,25.58,0,CC,FreeLocal,Standard,37.55,4
471,F,M,M,2,90103.7,N,34.946667,12.23,8.87,45.34,0,CC,Budget,Intnl_discount,66.45,3
983,F,M,M,2,90103.7,N,34.946667,12.23,8.87,45.34,0,CC,Budget,Intnl_discount,66.45,4
1495,F,M,M,2,90103.7,N,34.946667,12.23,8.87,45.34,0,CC,Budget,Intnl_discount,66.45,2
2007,F,M,M,2,90103.7,N,34.946667,12.23,8.87,45.34,0,CC,Budget,Intnl_discount,66.45,2
298,T,F,S,1,540.4,Y,39.213333,12.34,0,7.75,0,Auto,Budget,Intnl_discount,20.1,4
810,T,F,S,1,540.4,Y,39.213333,12.34,0,7.75,0,Auto,Budget,Intnl_discount,20.1,3
1322,T,F,S,1,540.4,Y,39.213333,12.34,0,7.75,0,Auto,Budget,Intnl_discount,20.1,4
1834,T,F,S,1,540.4,Y,39.213333,12.34,0,7.75,0,Auto,Budget,Intnl_discount,20.1,2
2165,T,F,S,1,540.4,Y,39.213333,12.34,0,7.75,0,Auto,Budget,Intnl_discount,20.1,2
2434,T,F,S,1,540.4,Y,39.213333,12.34,0,7.75,0,Auto,Budget,Intnl_discount,20.1,2
2678,T,F,S,1,540.4,Y,39.213333,12.34,0,7.75,0,Auto,Budget,Intnl_discount,20.1,1
2942,T,F,S,1,540.4,Y,39.213333,12.34,0,7.75,0,Auto,Budget,Intnl_discount,20.1,4
3186,T,F,S,1,540.4,Y,39.213333,12.34,0,7.75,0,Auto,Budget,Intnl_discount,20.1,3
63,T,F,M,2,59613.1,N,34.32,12.37,0,163.41,0,CC,Budget,Intnl_discount,175.78,1
575,T,F,M,2,59613.1,N,34.32,12.37,0,163.41,0,CC,Budget,Intnl_discount,175.78,2
1087,T,F,M,2,59613.1,N,34.32,12.37,0,163.41,0,CC,Budget,Intnl_discount,175.78,4
1599,T,F,M,2,59613.1,N,34.32,12.37,0,163.41,0,CC,Budget,Intnl_discount,175.78,1
470,T,F,M,0,77994,N,50.553333,12.4,0,89.62,0,CH,FreeLocal,Standard,102.02,1
982,T,F,M,0,77994,N,50.553333,12.4,0,89.62,0,CH,FreeLocal,Standard,102.02,1
1494,T,F,M,0,77994,N,50.553333,12.4,0,89.62,0,CH,FreeLocal,Standard,102.02,1
2006,T,F,M,0,77994,N,50.553333,12.4,0,89.62,0,CH,FreeLocal,Standard,102.02,1
17,F,M,M,2,53010.8,N,18.84,12.45,0,46.42,4,CC,FreeLocal,Standard,58.87,1
529,F,M,M,2,53010.8,N,18.84,12.45,0,46.42,4,CC,FreeLocal,Standard,58.87,1
1041,F,M,M,2,53010.8,N,18.84,12.45,0,46.42,4,CC,FreeLocal,Standard,58.87,4
1553,F,M,M,2,53010.8,N,18.84,12.45,0,46.42,4,CC,FreeLocal,Standard,58.87,1
2056,F,M,M,2,53010.8,N,18.84,12.45,0,46.42,4,CC,FreeLocal,Standard,58.87,2
2300,F,M,M,2,53010.8,N,18.84,12.45,0,46.42,4,CC,FreeLocal,Standard,58.87,1
2569,F,M,M,2,53010.8,N,18.84,12.45,0,46.42,4,CC,FreeLocal,Standard,58.87,3
2813,F,M,M,2,53010.8,N,18.84,12.45,0,46.42,4,CC,FreeLocal,Standard,58.87,1
2833,F,M,M,2,53010.8,N,18.84,12.45,0,46.42,4,CC,FreeLocal,Standard,58.87,2
3077,F,M,M,2,53010.8,N,18.84,12.45,0,46.42,4,CC,FreeLocal,Standard,58.87,1
3321,F,M,M,2,53010.8,N,18.84,12.45,0,46.42,4,CC,FreeLocal,Standard,58.87,3
1079,F,F,S,0,45612.9,N,14.3,12.53,0,311.29,0,CC,Budget,Standard,323.82,4
1591,F,F,S,0,45612.9,N,14.3,12.53,0,311.29,0,CC,Budget,Standard,323.82,4
1311,F,F,M,0,53432.2,Y,57,12.56,0,83.48,0,CH,FreeLocal,Standard,96.04,1
472,T,F,M,0,59008.4,Y,30.18,12.86,0,18.73,0,CC,Budget,Standard,31.59,1
984,T,F,M,0,59008.4,Y,30.18,12.86,0,18.73,0,CC,Budget,Standard,31.59,1
1496,T,F,M,0,59008.4,Y,30.18,12.86,0,18.73,0,CC,Budget,Standard,31.59,1
2008,T,F,M,0,59008.4,Y,30.18,12.86,0,18.73,0,CC,Budget,Standard,31.59,1
360,F,F,S,1,67239.4,N,44.433333,12.89,0,53.81,0,Auto,FreeLocal,Intnl_discount,66.7,2
872,F,F,S,0,67239.4,N,44.433333,12.89,0,53.81,0,Auto,FreeLocal,Intnl_discount,66.7,1
1384,F,F,D,1,67239.4,N,44.433333,12.89,0,53.81,0,Auto,FreeLocal,Intnl_discount,66.7,4
1896,F,F,S,0,67239.4,N,44.433333,12.89,0,53.81,0,Auto,FreeLocal,Intnl_discount,66.7,1
166,T,M,M,1,64792.3,N,52.146667,13.05,1.51,36.84,0,CH,FreeLocal,Standard,51.41,3
678,T,M,M,1,64792.3,N,52.146667,13.05,1.51,36.84,0,CH,FreeLocal,Standard,51.41,1
1190,T,M,M,1,64792.3,N,52.146667,13.05,1.51,36.84,0,CH,FreeLocal,Standard,51.41,1
1702,T,M,M,1,64792.3,N,52.146667,13.05,1.51,36.84,0,CH,FreeLocal,Standard,51.41,3
2117,T,M,M,1,64792.3,N,52.146667,13.05,1.51,36.84,0,CH,FreeLocal,Standard,51.41,2
2386,T,M,M,1,64792.3,N,52.146667,13.05,1.51,36.84,0,CH,FreeLocal,Standard,51.41,4
2630,T,M,M,1,64792.3,N,52.146667,13.05,1.51,36.84,0,CH,FreeLocal,Standard,51.41,3
2894,T,M,M,1,64792.3,N,52.146667,13.05,1.51,36.84,0,CH,FreeLocal,Standard,51.41,1
3138,T,M,M,1,64792.3,N,52.146667,13.05,1.51,36.84,0,CH,FreeLocal,Standard,51.41,4
40,T,F,S,0,28589.1,N,15.6,13.19,0,87.09,0,CC,FreeLocal,Standard,100.28,4
552,T,F,S,0,28589.1,N,15.6,13.19,0,87.09,0,CC,FreeLocal,Standard,100.28,4
1064,T,F,S,0,28589.1,N,15.6,13.19,0,87.09,0,CC,FreeLocal,Standard,100.28,1
1576,T,F,S,0,28589.1,N,15.6,13.19,0,87.09,0,CC,FreeLocal,Standard,100.28,2
42,F,F,M,2,5237.63,N,48.753333,13.32,8.05,56.64,0,CC,Budget,Standard,78.02,2
554,F,F,M,2,5237.63,N,48.753333,13.32,8.05,56.64,0,CC,Budget,Standard,78.02,1
1066,F,F,M,2,5237.63,N,48.753333,13.32,8.05,56.64,0,CC,Budget,Standard,78.02,3
1578,F,F,M,2,5237.63,N,48.753333,13.32,8.05,56.64,0,CC,Budget,Standard,78.02,3
488,F,F,S,2,16938.5,N,55,13.35,0,8.76,0,CH,FreeLocal,Standard,22.11,2
1000,F,F,S,2,16938.5,N,52,13.35,0,8.76,0,CH,FreeLocal,Standard,22.11,3
1512,F,F,S,2,16938.5,N,43,13.35,0,8.76,0,CH,FreeLocal,Standard,22.11,4
2024,F,F,S,2,16938.5,N,46,13.35,0,8.76,0,CH,FreeLocal,Standard,22.11,4
2270,F,F,S,2,16938.5,N,70,13.35,0,8.76,0,CH,FreeLocal,Standard,22.11,1
2539,F,F,S,2,16938.5,N,42,13.35,0,8.76,0,CH,FreeLocal,Standard,22.11,4
2783,F,F,S,2,16938.5,N,46,13.35,0,8.76,0,CH,FreeLocal,Standard,22.11,3
3047,F,F,S,2,16938.5,N,48,13.35,0,8.76,0,CH,FreeLocal,Standard,22.11,1
3291,F,F,S,2,16938.5,N,52.646667,13.35,0,8.76,0,CH,FreeLocal,Standard,22.11,4
498,F,F,S,0,42760.5,N,46,13.47,0,40.23,0,CC,Budget,Standard,53.7,3
1010,F,F,S,0,42760.5,N,47,13.47,0,40.23,0,CC,Budget,Standard,53.7,4
1522,F,F,S,0,42760.5,N,52.646667,13.47,0,40.23,0,CC,Budget,Standard,53.7,2
2034,F,F,S,0,42760.5,N,52,13.47,0,40.23,0,CC,Budget,Standard,53.7,1
2280,F,F,S,0,42760.5,N,42,13.47,0,40.23,0,CC,Budget,Standard,53.7,2
2549,F,F,S,0,42760.5,N,48,13.47,0,40.23,0,CC,Budget,Standard,53.7,4
2793,F,F,S,0,42760.5,N,62,13.47,0,40.23,0,CC,Budget,Standard,53.7,3
3057,F,F,S,0,42760.5,N,43,13.47,0,40.23,0,CC,Budget,Standard,53.7,3
3301,F,F,S,0,42760.5,N,46,13.47,0,40.23,0,CC,Budget,Standard,53.7,2
239,T,M,M,1,65619.7,Y,46,13.56,0,144.66,0,CC,Budget,Standard,158.22,3
751,T,M,M,0,65619.7,Y,52.646667,13.56,0,144.66,0,CC,Budget,Standard,158.22,2
1263,T,M,M,0,65619.7,Y,46,13.56,0,144.66,0,CC,Budget,Standard,158.22,3
1775,T,M,M,0,65619.7,Y,52,13.56,0,144.66,0,CC,Budget,Standard,158.22,1
2147,T,M,M,0,65619.7,Y,46,13.56,0,144.66,0,CC,Budget,Standard,158.22,2
2416,T,M,M,1,65619.7,Y,52.646667,13.56,0,144.66,0,CC,Budget,Standard,158.22,2
2660,T,M,M,0,65619.7,Y,46,13.56,0,144.66,0,CC,Budget,Standard,158.22,3
2924,F,F,M,2,65619.7,Y,55,13.56,0,144.66,0,CC,Budget,Standard,158.22,4
3168,F,F,M,2,65619.7,Y,46,13.56,0,144.66,0,CC,Budget,Standard,158.22,3
243,F,F,M,1,98453.6,Y,46,13.72,0,11.65,0,Auto,FreeLocal,Standard,25.38,3
755,F,F,M,1,98453.6,Y,70,13.72,0,11.65,0,Auto,FreeLocal,Standard,25.38,4
1267,F,F,M,1,98453.6,Y,55,13.72,0,11.65,0,Auto,FreeLocal,Standard,25.38,2
1779,F,F,M,1,98453.6,Y,62,13.72,0,11.65,0,Auto,FreeLocal,Standard,25.38,1
2151,F,F,M,1,98453.6,Y,41,13.72,0,11.65,0,Auto,FreeLocal,Standard,25.38,3
2420,F,F,M,1,98453.6,Y,61,13.72,0,11.65,0,Auto,FreeLocal,Standard,25.38,2
2664,F,F,M,1,98453.6,Y,52,13.72,0,11.65,0,Auto,FreeLocal,Standard,25.38,3
2928,F,F,M,1,98453.6,Y,43,13.72,0,11.65,0,Auto,FreeLocal,Standard,25.38,4
3172,F,F,M,1,98453.6,Y,46,13.72,0,11.65,0,Auto,FreeLocal,Standard,25.38,2
1335,T,F,M,1,81641.2,Y,19,13.93,6.61,78.21,0,CC,FreeLocal,Standard,98.76,2
450,F,F,M,2,90271.6,N,44.926667,13.96,0,96.43,0,CC,FreeLocal,Standard,110.4,4
962,F,F,M,2,90271.6,N,44.926667,13.96,0,96.43,0,CC,FreeLocal,Standard,110.4,1
1474,F,F,M,2,90271.6,N,44.926667,13.96,0,96.43,0,CC,FreeLocal,Standard,110.4,2
1986,F,F,M,2,90271.6,N,44.926667,13.96,0,96.43,0,CC,FreeLocal,Standard,110.4,2
2243,F,F,M,2,90271.6,N,44.926667,13.96,0,96.43,0,CC,FreeLocal,Standard,110.4,3
2512,F,F,M,2,90271.6,N,44.926667,13.96,0,96.43,0,CC,FreeLocal,Standard,110.4,3
2756,F,F,M,2,90271.6,N,44.926667,13.96,0,96.43,0,CC,FreeLocal,Standard,110.4,4
3020,F,F,M,2,90271.6,N,44.926667,13.96,0,96.43,0,CC,FreeLocal,Standard,110.4,2
3264,F,F,M,2,90271.6,N,44.926667,13.96,0,96.43,0,CC,FreeLocal,Standard,110.4,2
458,T,F,S,1,2929.13,N,53.506667,14,0,88.23,0,CH,Budget,Intnl_discount,102.23,1
970,T,F,S,1,2929.13,N,53.506667,14,0,88.23,0,CH,Budget,Intnl_discount,102.23,1
1468,F,F,D,1,77726.4,N,56.72,14,0,9.51,0,Auto,Budget,Intnl_discount,23.52,2
1482,T,F,S,1,2929.13,N,53.506667,14,0,88.23,0,CH,Budget,Intnl_discount,102.23,3
1980,F,F,S,0,77726.4,N,56.72,14,0,9.51,0,Auto,Budget,Intnl_discount,23.52,1
1994,T,F,S,1,2929.13,N,53.506667,14,0,88.23,0,CH,Budget,Intnl_discount,102.23,4
2238,F,F,S,0,77726.4,N,56.72,14,0,9.51,0,Auto,Budget,Intnl_discount,23.52,2
2507,F,F,D,1,77726.4,N,56.72,14,0,9.51,0,Auto,Budget,Intnl_discount,23.52,3
2751,F,F,S,0,77726.4,N,56.72,14,0,9.51,0,Auto,Budget,Intnl_discount,23.52,3
3015,F,F,D,1,77726.4,N,56.72,14,0,9.51,0,Auto,Budget,Intnl_discount,23.52,4
3259,F,F,S,0,77726.4,N,56.72,14,0,9.51,0,Auto,Budget,Intnl_discount,23.52,3
463,T,M,M,0,69168.4,Y,62.426667,14.16,6.01,214.73,0,CC,Budget,Standard,234.91,2
975,T,M,M,0,69168.4,Y,62.426667,14.16,6.01,214.73,0,CC,Budget,Standard,234.91,3
1487,T,M,M,0,69168.4,Y,62.426667,14.16,6.01,214.73,0,CC,Budget,Standard,234.91,4
1999,T,M,M,0,69168.4,Y,62.426667,14.16,6.01,214.73,0,CC,Budget,Standard,234.91,3
81,T,F,M,2,84789.3,N,50.433333,14.22,8.8,10.45,0,CH,FreeLocal,Standard,33.47,4
593,T,F,S,2,84789.3,N,50.433333,14.22,8.8,10.45,0,CH,FreeLocal,Standard,33.47,4
1105,T,F,M,2,84789.3,N,50.433333,14.22,8.8,10.45,0,CH,FreeLocal,Standard,33.47,4
1617,T,F,M,2,84789.3,N,50.433333,14.22,8.8,10.45,0,CH,FreeLocal,Standard,33.47,4
291,T,M,S,1,71329.9,Y,42.233333,14.27,3.55,45.92,0,CC,Budget,Standard,63.75,3
803,T,M,S,1,71329.9,Y,42.233333,14.27,3.55,45.92,0,CC,Budget,Standard,63.75,3
1315,T,M,S,1,71329.9,Y,42.233333,14.27,3.55,45.92,0,CC,Budget,Standard,63.75,1
1827,F,M,S,1,71329.9,Y,42.233333,14.27,3.55,45.92,0,CC,Budget,Standard,63.75,4
305,T,F,S,2,15688.5,N,53.06,14.39,0,8.03,0,CC,Budget,Standard,22.42,4
817,T,F,S,2,15688.5,N,53.06,14.39,0,8.03,0,CC,Budget,Standard,22.42,3
1329,T,F,S,2,15688.5,N,53.06,14.39,0,8.03,0,CC,Budget,Standard,22.42,1
1841,T,F,S,2,15688.5,N,53.06,14.39,0,8.03,0,CC,Budget,Standard,22.42,3
318,T,M,S,0,94928.3,N,40.18,14.42,5.61,73.74,0,CH,FreeLocal,Standard,93.78,4
830,T,M,S,0,94928.3,N,40.18,14.42,5.61,73.74,0,CC,FreeLocal,Standard,93.78,1
1342,T,M,S,0,94928.3,N,40.18,14.42,5.61,73.74,0,CC,FreeLocal,Standard,93.78,1
1854,T,M,S,0,94928.3,N,40.18,14.42,5.61,73.74,0,CH,FreeLocal,Standard,93.78,1
48,T,F,S,1,13576.5,N,39.426667,14.83,0,25.66,0,CC,Budget,Standard,40.49,1
560,T,F,S,1,13576.5,N,39.426667,14.83,0,25.66,0,CC,Budget,Standard,40.49,4
1072,T,F,S,1,13576.5,N,39.426667,14.83,0,25.66,0,CC,Budget,Standard,40.49,4
1584,T,F,S,1,13576.5,N,39.426667,14.83,0,25.66,0,CC,Budget,Standard,40.49,3
2071,T,F,S,1,13576.5,N,39.426667,14.83,0,25.66,0,CC,Budget,Standard,40.49,3
2315,T,F,S,1,13576.5,N,39.426667,14.83,0,25.66,0,CC,Budget,Standard,40.49,1
2584,T,F,S,1,13576.5,N,39.426667,14.83,0,25.66,0,CC,Budget,Standard,40.49,3
2848,T,F,S,1,13576.5,N,39.426667,14.83,0,25.66,0,CC,Budget,Standard,40.49,1
3092,T,F,S,1,13576.5,N,39.426667,14.83,0,25.66,0,CC,Budget,Standard,40.49,1
270,F,F,S,0,89813.6,N,12.846667,14.94,1.96,149.26,0,CC,FreeLocal,Intnl_discount,166.18,4
782,F,F,S,0,89813.6,N,12.846667,14.94,1.96,149.26,0,CC,FreeLocal,Intnl_discount,166.18,4
1294,F,F,S,0,89813.6,N,12.846667,14.94,1.96,149.26,0,CC,FreeLocal,Intnl_discount,166.18,4
1806,F,F,S,0,89813.6,N,12.846667,14.94,1.96,149.26,0,CC,FreeLocal,Intnl_discount,166.18,4
2429,F,F,S,0,89813.6,N,12.846667,14.94,1.96,149.26,0,CC,FreeLocal,Intnl_discount,166.18,4
2673,F,F,S,0,89813.6,N,12.846667,14.94,1.96,149.26,0,CC,FreeLocal,Intnl_discount,166.18,4
2937,F,F,S,0,89813.6,N,12.846667,14.94,1.96,149.26,0,CC,FreeLocal,Intnl_discount,166.18,4
221,F,M,M,1,2067.82,N,47.853333,15.25,0,70.65,0,CC,Budget,Intnl_discount,85.9,4
733,F,M,M,1,2067.82,N,47.853333,15.25,0,70.65,0,CC,Budget,Intnl_discount,85.9,2
1245,F,M,M,1,2067.82,N,47.853333,15.25,0,70.65,0,CC,Budget,Intnl_discount,85.9,4
1757,F,M,M,1,2067.82,N,47.853333,15.25,0,70.65,0,CC,Budget,Intnl_discount,85.9,3
2141,F,M,M,1,2067.82,N,47.853333,15.25,0,70.65,0,CC,Budget,Intnl_discount,85.9,1
2410,F,M,M,1,2067.82,N,47.853333,15.25,0,70.65,0,CC,Budget,Intnl_discount,85.9,4
2654,F,M,M,1,2067.82,N,47.853333,15.25,0,70.65,0,CC,Budget,Intnl_discount,85.9,1
2918,F,M,M,1,2067.82,N,47.853333,15.25,0,70.65,0,CC,Budget,Intnl_discount,85.9,3
3162,F,M,M,1,2067.82,N,47.853333,15.25,0,70.65,0,CC,Budget,Intnl_discount,85.9,2
334,T,M,M,0,120000,Y,53.213333,15.27,0,25.62,0,CC,FreeLocal,Standard,40.9,4
846,T,M,M,0,73400,Y,53.213333,15.27,0,25.62,0,CC,FreeLocal,Standard,40.9,2
1358,T,M,M,0,80000,Y,53.213333,15.27,0,25.62,0,CC,FreeLocal,Standard,40.9,4
1870,T,M,M,1,80000,Y,53.213333,15.27,0,25.62,0,CC,FreeLocal,Standard,40.9,3
401,F,F,M,2,91861,Y,41.98,15.32,0,6.74,0,CC,Budget,Standard,22.06,3
913,F,F,M,2,91861,Y,41.98,15.32,0,6.74,0,CC,Budget,Standard,22.06,2
1425,F,F,M,2,91861,Y,41.98,15.32,0,6.74,0,CC,Budget,Standard,22.06,2
1937,F,F,M,2,91861,Y,41.98,15.32,0,6.74,0,CC,Budget,Standard,22.06,1
2198,F,F,M,2,91861,Y,41.98,15.32,0,6.74,0,CC,Budget,Standard,22.06,4
2467,F,F,M,2,91861,Y,41.98,15.32,0,6.74,0,CC,Budget,Standard,22.06,3
2711,F,F,M,2,91861,Y,41.98,15.32,0,6.74,0,CC,Budget,Standard,22.06,1
2975,F,F,M,2,91861,Y,41.98,15.32,0,6.74,0,CC,Budget,Standard,22.06,2
3219,F,F,M,2,91861,Y,41.98,15.32,0,6.74,0,CC,Budget,Standard,22.06,2
136,F,M,M,2,22358.1,N,52.626667,15.54,1.52,12.19,0,CC,Budget,Standard,29.25,1
648,F,M,M,2,22358.1,N,52.626667,15.54,1.52,12.19,0,CC,Budget,Standard,29.25,3
1160,F,M,M,2,22358.1,N,52.626667,15.54,1.52,12.19,0,CC,Budget,Standard,29.25,3
1672,F,M,M,2,22358.1,N,52.626667,15.54,1.52,12.19,0,CC,Budget,Standard,29.25,1
86,F,F,M,2,8204.72,N,52.973333,15.59,0,24.19,0,CH,FreeLocal,Standard,39.79,3
598,F,F,M,2,8204.72,N,52.973333,15.59,0,24.19,0,CH,FreeLocal,Standard,39.79,4
1110,F,F,M,2,8204.72,N,52.973333,15.59,0,24.19,0,CH,FreeLocal,Standard,39.79,2
1622,F,F,M,2,8204.72,N,52.973333,15.59,0,24.19,0,CH,FreeLocal,Standard,39.79,1
242,F,F,M,1,66921.4,Y,43,15.7,0,8.97,0,CC,FreeLocal,Intnl_discount,24.67,3
754,F,F,M,1,66921.4,Y,46,15.7,0,8.97,0,CC,FreeLocal,Intnl_discount,24.67,1
1266,F,F,M,1,66921.4,Y,61,15.7,0,8.97,0,CC,FreeLocal,Intnl_discount,24.67,3
1778,F,F,M,1,66921.4,Y,52.646667,15.7,0,8.97,0,CC,FreeLocal,Intnl_discount,24.67,4
2150,F,F,M,1,66921.4,Y,62,15.7,0,8.97,0,CC,FreeLocal,Intnl_discount,24.67,1
2419,F,F,M,1,66921.4,Y,70,15.7,0,8.97,0,CC,FreeLocal,Intnl_discount,24.67,4
2663,F,F,M,1,66921.4,Y,55,15.7,0,8.97,0,CC,FreeLocal,Intnl_discount,24.67,4
2927,F,F,M,1,66921.4,Y,42,15.7,0,8.97,0,CC,FreeLocal,Intnl_discount,24.67,2
3171,F,F,M,1,66921.4,Y,43,15.7,0,8.97,0,CC,FreeLocal,Intnl_discount,24.67,1
181,F,F,M,2,55860,Y,14.573333,16.01,0,10.35,0,CC,FreeLocal,Intnl_discount,26.37,3
693,F,F,M,2,55860,Y,14.573333,16.01,0,10.35,0,CC,FreeLocal,Intnl_discount,26.37,4
1205,F,F,M,2,55860,Y,14.573333,16.01,0,10.35,0,CC,FreeLocal,Intnl_discount,26.37,1
1717,F,F,M,2,55860,Y,14.573333,16.01,0,10.35,0,CC,FreeLocal,Intnl_discount,26.37,3
2124,F,F,M,2,55860,Y,14.573333,16.01,0,10.35,0,CC,FreeLocal,Intnl_discount,26.37,4
2393,F,F,M,2,55860,Y,14.573333,16.01,0,10.35,0,CC,FreeLocal,Intnl_discount,26.37,1
2637,F,F,M,2,55860,Y,14.573333,16.01,0,10.35,0,CC,FreeLocal,Intnl_discount,26.37,2
2901,F,F,M,2,55860,Y,14.573333,16.01,0,10.35,0,CC,FreeLocal,Intnl_discount,26.37,1
3145,F,F,M,2,55860,Y,14.573333,16.01,0,10.35,0,CC,FreeLocal,Intnl_discount,26.37,2
504,T,M,M,1,71472.9,N,41.913333,16.02,0,114.2,0,CH,Budget,Standard,130.22,3
1016,T,M,M,1,71472.9,N,41.913333,16.02,0,114.2,0,CH,Budget,Standard,130.22,1
1528,T,M,M,0,71472.9,N,41.913333,16.02,0,114.2,0,CH,Budget,Standard,130.22,1
2040,T,M,M,1,71472.9,N,41.913333,16.02,0,114.2,0,CH,Budget,Standard,130.22,2
2285,T,M,M,0,71472.9,N,41.913333,16.02,0,114.2,0,CH,Budget,Standard,130.22,3
2554,T,M,M,1,71472.9,N,41.913333,16.02,0,114.2,0,CH,Budget,Standard,130.22,1
2798,T,M,M,1,71472.9,N,41.913333,16.02,0,114.2,0,CH,Budget,Standard,130.22,3
3062,T,M,M,0,71472.9,N,41.913333,16.02,0,114.2,0,CH,Budget,Standard,130.22,3
3306,T,M,M,0,71472.9,N,41.913333,16.02,0,114.2,0,CH,Budget,Standard,130.22,4
109,T,M,S,1,92647.5,N,56.046667,16.04,5.74,10.34,0,CC,Budget,Standard,32.13,4
621,T,M,S,1,92647.5,N,56.046667,16.04,5.74,10.34,0,CC,Budget,Standard,32.13,4
1133,T,M,S,1,92647.5,N,56.046667,16.04,5.74,10.34,0,CC,Budget,Standard,32.13,2
1645,T,M,S,1,92647.5,N,56.046667,16.04,5.74,10.34,0,CC,Budget,Standard,32.13,4
2083,T,M,S,1,92647.5,N,56.046667,16.04,5.74,10.34,0,CC,Budget,Standard,32.13,1
2327,T,M,S,1,92647.5,N,56.046667,16.04,5.74,10.34,0,CC,Budget,Standard,32.13,4
2352,T,M,S,1,92647.5,N,56.046667,16.04,5.74,10.34,0,CC,Budget,Standard,32.13,1
2596,T,M,S,1,92647.5,N,56.046667,16.04,5.74,10.34,0,CC,Budget,Standard,32.13,4
2860,T,M,S,1,92647.5,N,56.046667,16.04,5.74,10.34,0,CC,Budget,Standard,32.13,1
3104,T,M,S,1,92647.5,N,56.046667,16.04,5.74,10.34,0,CC,Budget,Standard,32.13,4
500,F,F,M,0,27371.8,Y,48,16.14,0,126.55,0,CC,FreeLocal,Standard,142.7,4
1012,F,F,M,0,27371.8,Y,52.646667,16.14,0,126.55,0,CC,FreeLocal,Standard,142.7,3
1524,F,F,M,0,27371.8,Y,41,16.14,0,126.55,0,CC,FreeLocal,Standard,142.7,4
2036,F,F,M,0,27371.8,Y,43,16.14,0,126.55,0,CC,FreeLocal,Standard,142.7,2
2282,F,F,M,0,27371.8,Y,46,16.14,0,126.55,0,CC,FreeLocal,Standard,142.7,4
2551,F,F,M,0,27371.8,Y,62,16.14,0,126.55,0,CC,FreeLocal,Standard,142.7,2
2795,F,F,M,0,27371.8,Y,43,16.14,0,126.55,0,CC,FreeLocal,Standard,142.7,4
3059,F,F,M,0,27371.8,Y,70,16.14,0,126.55,0,CC,FreeLocal,Standard,142.7,1
3303,F,F,M,0,27371.8,Y,61,16.14,0,126.55,0,CC,FreeLocal,Standard,142.7,1
322,T,M,M,0,78000,Y,52.266667,16.2,4.27,18.84,0,CC,FreeLocal,Intnl_discount,39.32,3
834,T,M,M,0,100020,Y,52.266667,16.2,4.27,18.84,0,CC,FreeLocal,Intnl_discount,39.32,4
1346,T,M,M,0,78000,Y,50,16.2,4.27,18.84,0,CH,FreeLocal,Intnl_discount,39.32,2
1858,T,M,M,0,100020,Y,45.653333,16.2,4.27,18.84,0,CC,FreeLocal,Intnl_discount,39.32,1
90,T,M,S,0,64136.6,Y,61.106667,16.21,1,125.15,0,CC,FreeLocal,Intnl_discount,142.37,2
602,T,M,S,0,64136.6,Y,61.106667,16.21,1,125.15,0,CC,FreeLocal,Intnl_discount,142.37,2
1114,T,M,S,0,64136.6,Y,61.106667,16.21,1,125.15,0,CC,FreeLocal,Intnl_discount,142.37,1
1626,T,M,S,0,64136.6,Y,61.106667,16.21,1,125.15,0,CC,FreeLocal,Intnl_discount,142.37,1
308,T,F,S,0,5185.31,N,62.053333,16.39,5.99,30.51,0,CC,FreeLocal,Intnl_discount,52.9,2
820,T,F,S,0,5185.31,N,62.053333,16.39,5.99,30.51,0,CC,FreeLocal,Intnl_discount,52.9,4
1332,T,F,S,0,5185.31,N,62.053333,16.39,5.99,30.51,0,CC,FreeLocal,Intnl_discount,52.9,3
1844,T,F,S,0,5185.31,N,62.053333,16.39,5.99,30.51,0,CC,FreeLocal,Intnl_discount,52.9,1
234,F,F,M,2,50561.3,N,52,16.6,0,113.31,1,CH,Budget,Standard,129.91,2
746,F,F,M,2,50561.3,N,46,16.6,0,113.31,1,CH,Budget,Standard,129.91,2
1258,F,F,M,2,50561.3,N,62,16.6,0,113.31,1,CH,Budget,Standard,129.91,3
1770,F,F,M,2,50561.3,N,46,16.6,0,113.31,1,CH,Budget,Standard,129.91,4
53,F,F,M,1,57063,Y,52.333333,16.79,0,81.3,0,CH,Budget,Standard,98.1,4
565,F,F,M,1,57063,Y,52.333333,16.79,0,81.3,0,CH,Budget,Standard,98.1,4
1077,F,F,M,1,57063,Y,52.333333,16.79,0,81.3,0,CH,Budget,Standard,98.1,4
1589,F,F,M,1,57063,Y,52.333333,16.79,0,81.3,0,CH,Budget,Standard,98.1,4
84,F,F,M,0,32703.1,Y,64.92,16.8,0,56.09,0,CC,Budget,Intnl_discount,72.89,4
596,F,F,M,0,32703.1,Y,64.92,16.8,0,56.09,0,CC,Budget,Intnl_discount,72.89,4
1108,F,F,M,0,32703.1,Y,64.92,16.8,0,56.09,0,CC,Budget,Intnl_discount,72.89,4
1620,F,F,M,0,32703.1,Y,64.92,16.8,0,56.09,0,CC,Budget,Intnl_discount,72.89,4
2605,F,F,S,0,64335,Y,19.066667,17,0,137.33,2,CC,FreeLocal,Standard,154.34,1
389,F,F,M,2,57483.9,N,44.026667,17.01,0,27.29,0,CH,Budget,Standard,44.3,2
901,F,F,M,2,57483.9,N,44.026667,17.01,0,27.29,0,CH,Budget,Standard,44.3,3
1413,F,F,M,2,57483.9,N,44.026667,17.01,0,27.29,0,CH,Budget,Standard,44.3,3
1925,F,F,M,2,57483.9,N,44.026667,17.01,0,27.29,0,CH,Budget,Standard,44.3,2
2186,F,F,M,2,57483.9,N,44.026667,17.01,0,27.29,0,CH,Budget,Standard,44.3,3
2455,F,F,M,2,57483.9,N,44.026667,17.01,0,27.29,0,CH,Budget,Standard,44.3,3
2699,F,F,M,2,57483.9,N,44.026667,17.01,0,27.29,0,CH,Budget,Standard,44.3,1
2963,F,F,M,2,57483.9,N,44.026667,17.01,0,27.29,0,CH,Budget,Standard,44.3,4
3207,F,F,M,2,57483.9,N,44.026667,17.01,0,27.29,0,CH,Budget,Standard,44.3,1
2609,F,F,M,1,46513.5,N,30.053333,17.06,0,41.71,2,Auto,Budget,Standard,58.78,2
2853,T,F,M,1,49453.8,N,55.073333,17.13,0,12.33,0,CC,Budget,Standard,29.46,4
2604,F,F,M,0,91708.4,N,37.293333,17.21,0,31.55,0,CH,Budget,Intnl_discount,48.77,3
2868,T,F,M,0,91708.4,N,37.293333,17.21,0,31.55,0,CH,Budget,Intnl_discount,48.77,4
329,F,F,M,1,56722.8,N,60.593333,17.37,6.21,51.17,0,CC,FreeLocal,Standard,74.77,2
841,T,F,M,1,56722.8,N,60.593333,17.37,6.21,51.17,0,CC,FreeLocal,Standard,74.77,4
1301,T,F,M,1,56722.8,N,60.593333,17.37,6.21,51.17,0,CC,FreeLocal,Standard,74.77,4
1353,T,F,M,1,56722.8,N,60.593333,17.37,6.21,51.17,0,CC,FreeLocal,Standard,74.77,4
1865,T,F,M,1,56722.8,N,60.593333,17.37,6.21,51.17,0,CC,FreeLocal,Standard,74.77,4
2618,F,F,M,1,56722.8,N,60.593333,17.37,6.21,51.17,0,CC,FreeLocal,Standard,74.77,3
24,F,F,M,2,47902,N,26.033333,17.44,4.94,49.92,1,Auto,FreeLocal,Standard,72.31,2
536,F,F,M,2,47902,N,26.033333,17.44,4.94,49.92,1,Auto,FreeLocal,Standard,72.31,4
1048,F,F,M,2,47902,N,26.033333,17.44,4.94,49.92,1,Auto,FreeLocal,Standard,72.31,3
1560,F,F,M,2,47902,N,26.033333,17.44,4.94,49.92,1,Auto,FreeLocal,Standard,72.31,2
2063,F,F,M,2,47902,N,26.033333,17.44,4.94,49.92,1,Auto,FreeLocal,Standard,72.31,3
2307,F,F,M,2,47902,N,26.033333,17.44,4.94,49.92,1,Auto,FreeLocal,Standard,72.31,3
2576,F,F,M,2,47902,N,26.033333,17.44,4.94,49.92,1,Auto,FreeLocal,Standard,72.31,2
2820,F,F,M,2,47902,N,26.033333,17.44,4.94,49.92,1,Auto,FreeLocal,Standard,72.31,4
2840,F,F,M,2,47902,N,26.033333,17.44,4.94,49.92,1,Auto,FreeLocal,Standard,72.31,4
3084,F,F,M,2,47902,N,26.033333,17.44,4.94,49.92,1,Auto,FreeLocal,Standard,72.31,4
249,F,M,M,2,47639.1,N,48,17.48,0,39.62,0,CC,Budget,Intnl_discount,57.11,4
761,F,M,M,2,47639.1,N,41,17.48,0,39.62,0,CC,Budget,Intnl_discount,57.11,4
1273,F,M,M,2,47639.1,N,61,17.48,0,39.62,0,CC,Budget,Intnl_discount,57.11,4
1785,F,M,M,2,47639.1,N,43,17.48,0,39.62,0,CC,Budget,Intnl_discount,57.11,1
2155,F,M,M,2,47639.1,N,48,17.48,0,39.62,0,CC,Budget,Intnl_discount,57.11,1
2424,F,M,M,2,47639.1,N,41,17.48,0,39.62,0,CC,Budget,Intnl_discount,57.11,2
2668,F,F,M,2,47639.1,N,61,17.48,0,39.62,0,CC,Budget,Intnl_discount,57.11,2
2932,F,F,M,2,47639.1,N,42,17.48,0,39.62,0,CC,Budget,Intnl_discount,57.11,3
3176,F,F,M,2,47639.1,N,48,17.48,0,39.62,0,CC,Budget,Intnl_discount,57.11,4
404,T,F,S,1,12374.9,Y,33.493333,17.49,0,106.1,0,Auto,FreeLocal,Standard,123.59,3
916,T,F,S,1,12374.9,Y,33.493333,17.49,0,106.1,0,Auto,FreeLocal,Standard,123.59,1
1428,T,F,S,1,12374.9,Y,33.493333,17.49,0,106.1,0,Auto,FreeLocal,Standard,123.59,1
1940,T,F,S,1,12374.9,Y,33.493333,17.49,0,106.1,0,Auto,FreeLocal,Standard,123.59,4
2201,T,F,S,1,12374.9,Y,33.493333,17.49,0,106.1,0,Auto,FreeLocal,Standard,123.59,3
2470,T,F,S,1,12374.9,Y,33.493333,17.49,0,106.1,0,Auto,FreeLocal,Standard,123.59,3
2714,T,F,S,1,12374.9,Y,33.493333,17.49,0,106.1,0,Auto,FreeLocal,Standard,123.59,4
2978,T,F,S,1,12374.9,Y,33.493333,17.49,0,106.1,0,Auto,FreeLocal,Standard,123.59,3
3222,T,F,S,1,12374.9,Y,33.493333,17.49,0,106.1,0,Auto,FreeLocal,Standard,123.59,1
238,F,F,M,1,98680.4,Y,55,17.58,0,8.85,0,CH,FreeLocal,Intnl_discount,26.44,4
750,F,F,M,1,98680.4,Y,46,17.58,0,8.85,0,CH,FreeLocal,Intnl_discount,26.44,4
1262,F,F,M,1,98680.4,Y,62,17.58,0,8.85,0,CH,FreeLocal,Intnl_discount,26.44,1
1774,F,F,M,1,98680.4,Y,70,17.58,0,8.85,0,CH,FreeLocal,Intnl_discount,26.44,2
2146,F,F,M,1,98680.4,Y,42,17.58,0,8.85,0,CH,FreeLocal,Intnl_discount,26.44,4
2415,F,F,M,1,98680.4,Y,48,17.58,0,8.85,0,CH,FreeLocal,Intnl_discount,26.44,3
2659,F,F,M,1,98680.4,Y,43,17.58,0,8.85,0,CH,FreeLocal,Intnl_discount,26.44,3
2923,F,F,M,1,98680.4,Y,58.706667,17.58,0,8.85,0,CH,FreeLocal,Intnl_discount,26.44,1
3167,F,F,M,1,98680.4,Y,58.706667,17.58,0,8.85,0,CH,FreeLocal,Intnl_discount,26.44,1
509,T,M,S,0,90478.6,N,54.553333,18.02,0,136.47,0,CC,FreeLocal,Standard,154.49,2
1021,T,M,D,1,90478.6,N,54.553333,18.02,0,136.47,0,CC,FreeLocal,Standard,154.49,4
1533,T,M,S,0,90478.6,N,54.553333,18.02,0,136.47,0,CH,FreeLocal,Standard,154.49,2
2045,T,M,D,1,90478.6,N,54.553333,18.02,0,136.47,0,CC,FreeLocal,Standard,154.49,1
2290,T,M,S,0,90478.6,N,54.553333,18.02,0,136.47,0,CC,FreeLocal,Standard,154.49,3
2559,T,M,S,0,90478.6,N,54.553333,18.02,0,136.47,0,CH,FreeLocal,Standard,154.49,4
2803,T,M,S,0,90478.6,N,54.553333,18.02,0,136.47,0,CC,FreeLocal,Standard,154.49,2
3067,T,M,S,1,90478.6,N,54.553333,18.02,0,136.47,0,CC,FreeLocal,Standard,154.49,2
3311,T,M,D,1,90478.6,N,54.553333,18.02,0,136.47,0,CC,FreeLocal,Standard,154.49,4
68,T,F,S,2,9559.78,N,51.38,18.31,0,59.59,0,CC,FreeLocal,Standard,77.91,3
580,T,F,S,2,9559.78,N,51.38,18.31,0,59.59,0,CC,FreeLocal,Standard,77.91,3
1092,T,F,S,2,9559.78,N,51.38,18.31,0,59.59,0,CC,FreeLocal,Standard,77.91,2
1604,T,F,S,2,9559.78,N,51.38,18.31,0,59.59,0,CC,FreeLocal,Standard,77.91,2
280,T,M,S,1,76529.8,N,58.28,18.46,5.36,20.05,0,CC,Budget,Standard,43.89,1
792,T,M,S,1,76529.8,N,58.28,18.46,5.36,20.05,0,CC,Budget,Standard,43.89,4
1304,T,M,S,1,76529.8,N,58.28,18.46,5.36,20.05,0,CC,Budget,Standard,43.89,2
1816,T,M,S,1,76529.8,N,58.28,18.46,5.36,20.05,0,CC,Budget,Standard,43.89,1
479,F,F,M,2,16962.2,N,45.36,18.6,0,8.96,0,CC,Budget,Standard,27.57,2
991,F,F,M,2,16962.2,N,45.36,18.6,0,8.96,0,CC,Budget,Standard,27.57,2
1503,F,F,M,2,16962.2,N,45.36,18.6,0,8.96,0,CC,Budget,Standard,27.57,2
2015,F,F,M,2,16962.2,N,45.36,18.6,0,8.96,0,CC,Budget,Standard,27.57,2
2262,F,F,M,2,16962.2,N,45.36,18.6,0,8.96,0,CC,Budget,Standard,27.57,1
2531,F,F,M,2,16962.2,N,45.36,18.6,0,8.96,0,CC,Budget,Standard,27.57,2
2775,F,F,M,2,16962.2,N,45.36,18.6,0,8.96,0,CC,Budget,Standard,27.57,1
3039,F,F,M,2,16962.2,N,45.36,18.6,0,8.96,0,CC,Budget,Standard,27.57,2
3283,F,F,M,2,16962.2,N,45.36,18.6,0,8.96,0,CC,Budget,Standard,27.57,2
78,F,F,M,0,72642.6,N,27.646667,18.66,0,20.34,0,CH,FreeLocal,Intnl_discount,39,4
83,T,F,M,2,35976.5,Y,48.853333,18.85,0,31.78,0,Auto,FreeLocal,Intnl_discount,50.63,4
595,T,F,M,2,35976.5,Y,48.853333,18.85,0,31.78,0,Auto,FreeLocal,Intnl_discount,50.63,4
1107,T,F,M,2,35976.5,Y,48.853333,18.85,0,31.78,0,Auto,FreeLocal,Intnl_discount,50.63,4
1619,T,F,M,2,35976.5,Y,48.853333,18.85,0,31.78,0,Auto,FreeLocal,Intnl_discount,50.63,4
336,F,F,S,1,93454.3,Y,48.533333,18.94,0,25.18,0,Auto,FreeLocal,Standard,44.13,4
848,F,F,D,1,93454.3,Y,48.533333,18.94,0,25.18,0,Auto,FreeLocal,Standard,44.13,2
1360,F,F,S,0,93454.3,Y,48.533333,18.94,0,25.18,0,Auto,FreeLocal,Standard,44.13,1
1872,F,F,D,1,93454.3,Y,48.533333,18.94,0,25.18,0,Auto,FreeLocal,Standard,44.13,4
2175,F,F,S,0,93454.3,Y,48.533333,18.94,0,25.18,0,Auto,FreeLocal,Standard,44.13,1
2444,F,F,D,1,93454.3,Y,48.533333,18.94,0,25.18,0,Auto,FreeLocal,Standard,44.13,4
2688,F,F,S,0,93454.3,Y,48.533333,18.94,0,25.18,0,Auto,FreeLocal,Standard,44.13,2
2952,F,F,S,0,93454.3,Y,48.533333,18.94,0,25.18,0,Auto,FreeLocal,Standard,44.13,4
3196,F,F,S,0,93454.3,Y,48.533333,18.94,0,25.18,0,Auto,FreeLocal,Standard,44.13,3
1275,F,F,S,2,46945,N,65,18.96,4.62,26.01,0,CC,Budget,Standard,49.6,2
332,T,F,S,2,3416.62,Y,22.76,18.97,0,104.73,0,CC,Budget,Standard,123.7,4
844,T,F,S,2,3416.62,Y,22.76,18.97,0,104.73,0,CC,Budget,Standard,123.7,1
1356,T,F,S,2,3416.62,Y,22.76,18.97,0,104.73,0,CC,Budget,Standard,123.7,2
1868,T,F,S,2,3416.62,Y,22.76,18.97,0,104.73,0,CC,Budget,Standard,123.7,2
2174,T,F,S,2,3416.62,Y,22.76,18.97,0,104.73,0,CC,Budget,Standard,123.7,2
2443,T,F,S,2,3416.62,Y,22.76,18.97,0,104.73,0,CC,Budget,Standard,123.7,3
2687,T,F,S,2,3416.62,Y,22.76,18.97,0,104.73,0,CC,Budget,Standard,123.7,2
2951,T,F,S,2,3416.62,Y,22.76,18.97,0,104.73,0,CC,Budget,Standard,123.7,4
3195,T,F,S,2,3416.62,Y,22.76,18.97,0,104.73,0,CC,Budget,Standard,123.7,3
388,F,F,M,1,82931.3,N,64.64,19.24,0,118,0,Auto,FreeLocal,Standard,137.25,2
900,F,F,M,1,82931.3,N,64.64,19.24,0,118,0,Auto,FreeLocal,Standard,137.25,1
1412,F,F,M,1,82931.3,N,64.64,19.24,0,118,0,Auto,FreeLocal,Standard,137.25,2
1924,F,F,M,1,82931.3,N,64.64,19.24,0,118,0,Auto,FreeLocal,Standard,137.25,3
2185,F,F,M,1,82931.3,N,64.64,19.24,0,118,0,Auto,FreeLocal,Standard,137.25,4
2454,F,F,M,1,82931.3,N,64.64,19.24,0,118,0,Auto,FreeLocal,Standard,137.25,1
2698,F,F,M,1,82931.3,N,64.64,19.24,0,118,0,Auto,FreeLocal,Standard,137.25,1
2962,F,F,M,1,82931.3,N,64.64,19.24,0,118,0,Auto,FreeLocal,Standard,137.25,3
3206,F,F,M,1,82931.3,N,64.64,19.24,0,118,0,Auto,FreeLocal,Standard,137.25,2
265,F,F,M,2,85394,Y,20.16,19.28,2.02,14.38,1,Auto,Budget,Intnl_discount,35.69,4
777,F,F,M,2,85394,Y,20.16,19.28,2.02,14.38,1,Auto,Budget,Intnl_discount,35.69,2
1289,F,F,M,2,85394,Y,20.16,19.28,2.02,14.38,1,Auto,Budget,Intnl_discount,35.69,4
1801,F,F,M,2,85394,Y,20.16,19.28,2.02,14.38,1,Auto,Budget,Intnl_discount,35.69,1
1286,F,F,M,0,57942.4,N,50.313333,19.35,0,105.33,0,CH,Budget,Intnl_discount,124.69,3
1318,F,F,S,1,33084.3,Y,50.313333,19.77,0,105.28,0,CH,Budget,Standard,125.05,1
1331,T,M,S,0,2805.01,Y,25,19.93,6.46,11.68,0,CC,FreeLocal,Intnl_discount,38.08,1
356,T,F,S,0,17138.2,N,63.786667,20.01,0,84.67,0,CC,FreeLocal,Intnl_discount,104.69,3
868,T,F,S,0,17138.2,N,63.786667,20.01,0,84.67,0,CC,FreeLocal,Intnl_discount,104.69,2
1380,T,F,S,0,17138.2,N,63.786667,20.01,0,84.67,0,CC,FreeLocal,Intnl_discount,104.69,4
1892,T,F,S,0,17138.2,N,63.786667,20.01,0,84.67,0,CC,FreeLocal,Intnl_discount,104.69,3
261,F,F,S,2,86747.1,N,64.853333,20.15,0,37.24,0,Auto,Budget,Standard,57.4,3
773,F,F,S,2,86747.1,N,64.853333,20.15,0,37.24,0,Auto,Budget,Standard,57.4,4
1285,F,F,S,2,86747.1,N,64.853333,20.15,0,37.24,0,Auto,Budget,Standard,57.4,3
1797,F,F,S,2,86747.1,N,64.853333,20.15,0,37.24,0,Auto,Budget,Standard,57.4,1
21,F,M,M,0,19749.3,N,60.366667,20.22,0,13.94,0,CC,Budget,Standard,34.17,3
533,F,M,M,0,19749.3,N,60.366667,20.22,0,13.94,0,CC,Budget,Standard,34.17,1
1045,F,M,M,0,19749.3,N,60.366667,20.22,0,13.94,0,CC,Budget,Standard,34.17,2
1557,F,M,M,0,19749.3,N,60.366667,20.22,0,13.94,0,CC,Budget,Standard,34.17,1
2060,F,M,M,0,19749.3,N,60.366667,20.22,0,13.94,0,CC,Budget,Standard,34.17,1
2304,F,M,M,0,19749.3,N,60.366667,20.22,0,13.94,0,CC,Budget,Standard,34.17,4
2573,F,M,M,0,19749.3,N,60.366667,20.22,0,13.94,0,CC,Budget,Standard,34.17,2
2817,F,M,M,0,19749.3,N,60.366667,20.22,0,13.94,0,CC,Budget,Standard,34.17,2
2837,F,M,M,0,19749.3,N,60.366667,20.22,0,13.94,0,CC,Budget,Standard,34.17,1
3081,F,M,M,0,19749.3,N,60.366667,20.22,0,13.94,0,CC,Budget,Standard,34.17,1
289,T,M,S,1,16432.1,Y,20.92,20.41,8.89,80.47,0,CH,Budget,Intnl_discount,109.78,1
801,T,M,S,1,16432.1,Y,20.92,20.41,8.89,80.47,0,CH,Budget,Intnl_discount,109.78,4
1313,T,M,S,1,16432.1,Y,20.92,20.41,8.89,80.47,0,CH,Budget,Intnl_discount,109.78,3
1825,T,M,S,1,16432.1,Y,20.92,20.41,8.89,80.47,0,CH,Budget,Intnl_discount,109.78,1
2162,T,M,S,1,16432.1,Y,20.92,20.41,8.89,80.47,0,CH,Budget,Intnl_discount,109.78,2
2431,T,M,S,1,16432.1,Y,20.92,20.41,8.89,80.47,0,CH,Budget,Intnl_discount,109.78,1
2675,T,M,S,1,16432.1,Y,20.92,20.41,8.89,80.47,0,CH,Budget,Intnl_discount,109.78,3
2939,T,M,S,1,16432.1,Y,20.92,20.41,8.89,80.47,0,CH,Budget,Intnl_discount,109.78,4
3183,T,M,S,1,16432.1,Y,20.92,20.41,8.89,80.47,0,CH,Budget,Intnl_discount,109.78,3
385,F,F,S,1,66000,Y,45.486667,20.44,0,100.08,0,Auto,Budget,Standard,120.53,1
897,F,F,S,1,83287,Y,47,20.44,0,100.08,0,Auto,Budget,Standard,120.53,3
1409,F,F,S,1,77000,Y,45.486667,20.44,0,100.08,0,Auto,Budget,Standard,120.53,2
71,F,F,M,2,42031.8,N,50.753333,20.45,0,39.33,0,CH,Budget,Intnl_discount,59.78,4
320,F,F,M,2,50622.3,N,40.46,20.45,2.07,90.19,0,Auto,FreeLocal,Standard,112.72,2
583,F,F,M,2,42031.8,N,50.753333,20.45,0,39.33,0,CH,Budget,Intnl_discount,59.78,3
832,F,F,M,2,50622.3,N,40.46,20.45,2.07,90.19,0,Auto,FreeLocal,Standard,112.72,3
1095,F,F,M,2,42031.8,N,50.753333,20.45,0,39.33,0,CH,Budget,Intnl_discount,59.78,4
1344,F,F,M,2,50622.3,N,40.46,20.45,2.07,90.19,0,Auto,FreeLocal,Standard,112.72,3
1607,F,F,M,2,42031.8,N,50.753333,20.45,0,39.33,0,CH,Budget,Intnl_discount,59.78,3
1856,F,F,M,2,50622.3,N,40.46,20.45,2.07,90.19,0,Auto,FreeLocal,Standard,112.72,1
2073,F,F,M,2,42031.8,N,50.753333,20.45,0,39.33,0,CH,Budget,Intnl_discount,59.78,2
2317,F,F,M,2,42031.8,N,50.753333,20.45,0,39.33,0,CH,Budget,Intnl_discount,59.78,2
2586,F,F,M,2,42031.8,N,50.753333,20.45,0,39.33,0,CH,Budget,Intnl_discount,59.78,1
2850,F,F,M,2,42031.8,N,50.753333,20.45,0,39.33,0,CH,Budget,Intnl_discount,59.78,3
3094,F,F,M,2,42031.8,N,50.753333,20.45,0,39.33,0,CH,Budget,Intnl_discount,59.78,3
95,F,F,M,2,77551.1,Y,33.6,20.53,0,41.89,1,CC,Budget,Intnl_discount,62.42,2
607,F,F,M,2,77551.1,Y,33.6,20.53,0,41.89,1,CC,Budget,Intnl_discount,62.42,3
1119,F,F,M,2,77551.1,Y,33.6,20.53,0,41.89,1,CC,Budget,Intnl_discount,62.42,3
1631,F,F,M,2,77551.1,Y,33.6,20.53,0,41.89,1,CC,Budget,Intnl_discount,62.42,2
133,F,M,M,2,42750.3,Y,50.493333,20.59,1.97,112.4,0,Auto,Budget,Intnl_discount,134.97,1
645,F,M,M,2,42750.3,Y,50.493333,20.59,1.97,112.4,0,Auto,Budget,Intnl_discount,134.97,2
1157,F,M,M,2,42750.3,Y,50.493333,20.59,1.97,112.4,0,Auto,Budget,Intnl_discount,134.97,2
1669,F,M,M,2,42750.3,Y,50.493333,20.59,1.97,112.4,0,Auto,Budget,Intnl_discount,134.97,1
209,F,F,S,2,76791.2,N,61,20.71,0,23,0,CC,Budget,Intnl_discount,43.71,4
721,F,F,S,2,76791.2,N,47,20.71,0,23,0,CC,Budget,Intnl_discount,43.71,1
1233,F,F,S,2,76791.2,N,43,20.71,0,23,0,CC,Budget,Intnl_discount,43.71,3
1745,F,F,S,2,76791.2,N,55,20.71,0,23,0,CC,Budget,Intnl_discount,43.71,3
481,F,M,M,2,10708.3,N,26.026667,20.83,4.85,117.26,0,CH,Budget,Intnl_discount,142.95,3
993,F,M,M,2,10708.3,N,26.026667,20.83,4.85,117.26,0,CH,Budget,Intnl_discount,142.95,1
1505,F,M,M,2,10708.3,N,26.026667,20.83,4.85,117.26,0,CH,Budget,Intnl_discount,142.95,4
2017,F,M,M,2,10708.3,N,26.026667,20.83,4.85,117.26,0,CH,Budget,Intnl_discount,142.95,4
2264,F,M,M,2,10708.3,N,26.026667,20.83,4.85,117.26,0,CH,Budget,Intnl_discount,142.95,4
2533,F,M,M,2,10708.3,N,26.026667,20.83,4.85,117.26,0,CH,Budget,Intnl_discount,142.95,2
2777,F,M,M,2,10708.3,N,26.026667,20.83,4.85,117.26,0,CH,Budget,Intnl_discount,142.95,1
3041,F,M,M,2,10708.3,N,26.026667,20.83,4.85,117.26,0,CH,Budget,Intnl_discount,142.95,3
3285,F,M,M,2,10708.3,N,26.026667,20.83,4.85,117.26,0,CH,Budget,Intnl_discount,142.95,2
398,T,M,S,1,94188.3,N,57.546667,20.86,0.86,19.78,0,CC,Budget,Standard,41.51,2
910,T,M,S,1,94188.3,N,57.546667,20.86,0.86,19.78,0,CC,Budget,Standard,41.51,4
1422,T,M,S,1,94188.3,N,57.546667,20.86,0.86,19.78,0,CC,Budget,Standard,41.51,3
1934,T,M,S,1,94188.3,N,57.546667,20.86,0.86,19.78,0,CC,Budget,Standard,41.51,3
2195,T,M,S,1,94188.3,N,57.546667,20.86,0.86,19.78,0,CC,Budget,Standard,41.51,4
2464,T,M,S,1,94188.3,N,57.546667,20.86,0.86,19.78,0,CC,Budget,Standard,41.51,4
2708,T,M,S,1,94188.3,N,57.546667,20.86,0.86,19.78,0,CC,Budget,Standard,41.51,1
2972,T,M,S,1,94188.3,N,57.546667,20.86,0.86,19.78,0,CC,Budget,Standard,41.51,2
3216,T,M,S,1,94188.3,N,57.546667,20.86,0.86,19.78,0,CC,Budget,Standard,41.51,2
429,F,F,S,0,74530.8,N,63.086667,20.89,0.49,106.5,0,Auto,FreeLocal,Intnl_discount,127.89,2
941,F,F,S,0,74530.8,N,63.086667,20.89,0.49,106.5,0,Auto,FreeLocal,Intnl_discount,127.89,3
1453,F,F,S,0,74530.8,N,63.086667,20.89,0.49,106.5,0,Auto,FreeLocal,Intnl_discount,127.89,2
1965,F,F,S,0,74530.8,N,63.086667,20.89,0.49,106.5,0,Auto,FreeLocal,Intnl_discount,127.89,3
2223,F,F,S,0,74530.8,N,63.086667,20.89,0.49,106.5,0,Auto,FreeLocal,Intnl_discount,127.89,4
2492,F,F,S,0,74530.8,N,63.086667,20.89,0.49,106.5,0,Auto,FreeLocal,Intnl_discount,127.89,4
2736,F,F,S,0,74530.8,N,63.086667,20.89,0.49,106.5,0,Auto,FreeLocal,Intnl_discount,127.89,3
3000,F,F,S,0,74530.8,N,63.086667,20.89,0.49,106.5,0,Auto,FreeLocal,Intnl_discount,127.89,1
3244,F,F,S,0,74530.8,N,63.086667,20.89,0.49,106.5,0,Auto,FreeLocal,Intnl_discount,127.89,4
477,F,F,S,1,73338,N,48.246667,20.92,0,9.01,0,Auto,Budget,Intnl_discount,29.93,3
989,F,F,S,1,73338,N,48.246667,20.92,0,9.01,0,Auto,Budget,Intnl_discount,29.93,2
1501,F,F,S,1,73338,N,48.246667,20.92,0,9.01,0,Auto,Budget,Intnl_discount,29.93,2
2013,F,F,S,1,73338,N,48.246667,20.92,0,9.01,0,Auto,Budget,Intnl_discount,29.93,2
2260,F,F,S,1,73338,N,48.246667,20.92,0,9.01,0,Auto,Budget,Intnl_discount,29.93,4
2529,T,F,S,1,73338,N,48.246667,20.92,0,9.01,0,Auto,Budget,Intnl_discount,29.93,1
2773,F,F,S,1,73338,N,48.246667,20.92,0,9.01,0,Auto,Budget,Intnl_discount,29.93,3
3037,F,F,S,1,73338,N,48.246667,20.92,0,9.01,0,Auto,Budget,Intnl_discount,29.93,4
3281,T,F,S,1,73338,N,48.246667,20.92,0,9.01,0,Auto,Budget,Intnl_discount,29.93,1
561,F,F,S,0,81710.9,N,58.54,20.95,0,15.46,1,CC,FreeLocal,Standard,36.42,4
1073,F,F,S,0,81710.9,N,58.54,20.95,0,15.46,1,CC,FreeLocal,Standard,36.42,4
79,T,F,S,0,98716.3,N,55.66,20.97,8.23,13.92,0,CC,FreeLocal,Standard,43.13,4
591,T,F,S,0,98716.3,N,55.66,20.97,8.23,13.92,0,CC,FreeLocal,Standard,43.13,4
1103,T,F,S,0,98716.3,N,55.66,20.97,8.23,13.92,0,CC,FreeLocal,Standard,43.13,4
1615,T,F,S,0,98716.3,N,55.66,20.97,8.23,13.92,0,CC,FreeLocal,Standard,43.13,4
2612,F,F,S,0,98716.3,N,55.66,20.97,8.23,13.92,0,CC,FreeLocal,Standard,43.13,1
455,F,F,M,2,64816.6,Y,31.126667,21,0,6.87,0,CC,Budget,Standard,27.87,2
967,F,F,M,2,64816.6,Y,31.126667,21,0,6.87,0,CC,Budget,Standard,27.87,4
1479,F,F,M,2,64816.6,Y,31.126667,21,0,6.87,0,CC,Budget,Standard,27.87,2
1991,F,F,M,2,64816.6,Y,31.126667,21,0,6.87,0,CC,Budget,Standard,27.87,1
2247,F,F,M,2,64816.6,Y,31.126667,21,0,6.87,0,CC,Budget,Standard,27.87,4
2516,F,F,M,2,64816.6,Y,31.126667,21,0,6.87,0,CC,Budget,Standard,27.87,4
2760,F,F,M,2,64816.6,Y,31.126667,21,0,6.87,0,CC,Budget,Standard,27.87,4
3024,F,F,M,2,64816.6,Y,31.126667,21,0,6.87,0,CC,Budget,Standard,27.87,1
3268,F,F,M,2,64816.6,Y,31.126667,21,0,6.87,0,CC,Budget,Standard,27.87,2
213,T,F,D,0,30763.8,Y,14.193333,21.32,0,35.85,0,CC,Budget,Standard,57.17,4
725,T,F,S,0,30763.8,Y,14.193333,21.32,0,35.85,0,CC,Budget,Standard,57.17,4
1237,T,F,S,1,30763.8,Y,14.193333,21.32,0,35.85,0,CC,Budget,Standard,57.17,3
1749,T,F,S,0,30763.8,Y,14.193333,21.32,0,35.85,0,CC,Budget,Standard,57.17,2
506,F,F,S,0,95786.8,Y,43,21.33,0,87.46,0,CC,Budget,Standard,108.79,4
1018,F,F,S,0,95786.8,Y,52.646667,21.33,0,87.46,0,CC,Budget,Standard,108.79,1
1530,F,F,S,0,95786.8,Y,46,21.33,0,87.46,0,CC,Budget,Standard,108.79,4
2042,F,F,S,0,95786.8,Y,52,21.33,0,87.46,0,CC,Budget,Standard,108.79,4
2287,F,F,S,0,95786.8,Y,47,21.33,0,87.46,0,CC,Budget,Standard,108.79,3
2556,F,F,S,0,95786.8,Y,41,21.33,0,87.46,0,CC,Budget,Standard,108.79,2
2800,F,F,S,0,95786.8,Y,57.553333,21.33,0,87.46,0,CC,Budget,Standard,108.79,1
3064,F,F,S,0,95786.8,Y,57.553333,21.33,0,87.46,0,CC,Budget,Standard,108.79,2
3308,T,M,S,0,95786.8,Y,57.553333,21.33,0,87.46,0,CC,Budget,Standard,108.79,4
61,T,M,S,2,100020,N,50,21.37,0,293.24,0,CH,Budget,Standard,314.62,4
573,T,M,S,2,100020,N,48,21.37,0,293.24,0,CH,Budget,Standard,314.62,4
1085,T,M,S,2,120000,N,42,21.37,0,293.24,0,CH,Budget,Standard,314.62,2
1597,T,M,S,2,65000,N,45,21.37,0,293.24,0,CH,Budget,Standard,314.62,1
475,F,F,M,2,36647.9,N,49.986667,21.41,0,85.96,0,CC,Budget,Intnl_discount,107.38,3
987,F,F,M,2,36647.9,N,49.986667,21.41,0,85.96,0,CC,Budget,Intnl_discount,107.38,4
1499,T,F,M,2,36647.9,N,49.986667,21.41,0,85.96,0,CC,Budget,Intnl_discount,107.38,1
2011,F,F,M,2,36647.9,N,49.986667,21.41,0,85.96,0,CC,Budget,Intnl_discount,107.38,4
2258,T,F,M,2,36647.9,N,49.986667,21.41,0,85.96,0,CC,Budget,Intnl_discount,107.38,1
2527,F,F,M,2,36647.9,N,49.986667,21.41,0,85.96,0,CC,Budget,Intnl_discount,107.38,4
2771,T,F,M,2,36647.9,N,49.986667,21.41,0,85.96,0,CC,Budget,Intnl_discount,107.38,1
3035,F,F,M,2,36647.9,N,49.986667,21.41,0,85.96,0,CC,Budget,Intnl_discount,107.38,4
3279,F,F,M,2,36647.9,N,49.986667,21.41,0,85.96,0,CC,Budget,Intnl_discount,107.38,2
1316,F,F,S,0,91498.9,N,52,21.52,0,25.35,0,CC,Budget,Standard,46.88,2
263,F,F,M,1,87404.6,N,63.186667,21.63,0,139.2,0,Auto,Budget,Standard,160.84,3
775,F,F,M,1,87404.6,N,63.186667,21.63,0,139.2,0,Auto,Budget,Standard,160.84,2
1287,F,F,M,1,87404.6,N,63.186667,21.63,0,139.2,0,Auto,Budget,Standard,160.84,4
1799,F,F,M,1,87404.6,N,63.186667,21.63,0,139.2,0,Auto,Budget,Standard,160.84,4
484,T,F,M,0,2031.61,N,20.3,21.64,0,87.4,0,CC,Budget,Standard,109.04,2
996,T,F,M,0,2031.61,N,20.3,21.64,0,87.4,0,CC,Budget,Standard,109.04,1
1508,T,F,M,0,2031.61,N,20.3,21.64,0,87.4,0,CC,Budget,Standard,109.04,3
2020,T,F,M,0,2031.61,N,20.3,21.64,0,87.4,0,CC,Budget,Standard,109.04,4
2267,T,F,M,0,2031.61,N,20.3,21.64,0,87.4,0,CC,Budget,Standard,109.04,2
2536,T,F,M,0,2031.61,N,20.3,21.64,0,87.4,0,CC,Budget,Standard,109.04,4
2780,T,F,M,0,2031.61,N,20.3,21.64,0,87.4,0,CC,Budget,Standard,109.04,1
3044,T,F,M,0,2031.61,N,20.3,21.64,0,87.4,0,CC,Budget,Standard,109.04,4
3288,T,F,M,0,2031.61,N,20.3,21.64,0,87.4,0,CC,Budget,Standard,109.04,2
372,T,M,M,1,76511.3,N,62.08,21.68,3.46,17.37,0,CC,FreeLocal,Standard,42.52,2
884,T,M,M,1,76511.3,N,62.08,21.68,3.46,17.37,0,CC,FreeLocal,Standard,42.52,2
1396,T,M,M,1,76511.3,N,62.08,21.68,3.46,17.37,0,CC,FreeLocal,Standard,42.52,3
1908,T,M,M,1,76511.3,N,62.08,21.68,3.46,17.37,0,CC,FreeLocal,Standard,42.52,2
201,T,M,M,0,78572.2,Y,42.346667,21.81,0,29.28,1,CC,FreeLocal,Standard,51.09,4
713,T,M,M,0,78572.2,Y,42.346667,21.81,0,29.28,1,CC,FreeLocal,Standard,51.09,3
1225,T,M,M,0,78572.2,Y,42.346667,21.81,0,29.28,1,CC,FreeLocal,Standard,51.09,1
1737,T,M,M,0,78572.2,Y,42.346667,21.81,0,29.28,1,CC,FreeLocal,Standard,51.09,2
392,F,F,M,2,28267,N,30.093333,21.87,0,192.53,0,CC,FreeLocal,Standard,214.41,2
904,F,F,M,2,28267,N,30.093333,21.87,0,192.53,0,CC,FreeLocal,Standard,214.41,2
1416,F,F,M,2,28267,N,30.093333,21.87,0,192.53,0,CC,FreeLocal,Standard,214.41,4
1928,F,F,M,2,28267,N,30.093333,21.87,0,192.53,0,CC,FreeLocal,Standard,214.41,4
2189,F,F,M,2,28267,N,30.093333,21.87,0,192.53,0,CC,FreeLocal,Standard,214.41,4
2458,F,F,M,2,28267,N,30.093333,21.87,0,192.53,0,CC,FreeLocal,Standard,214.41,2
2702,F,F,M,2,28267,N,30.093333,21.87,0,192.53,0,CC,FreeLocal,Standard,214.41,3
2966,F,F,M,2,28267,N,30.093333,21.87,0,192.53,0,CC,FreeLocal,Standard,214.41,2
3210,F,F,M,2,28267,N,30.093333,21.87,0,192.53,0,CC,FreeLocal,Standard,214.41,2
313,F,F,M,2,59691.3,N,38.04,21.94,0,256.7,0,CC,Budget,Standard,278.65,2
825,F,F,M,2,59691.3,N,38.04,21.94,0,256.7,0,CC,Budget,Standard,278.65,1
1337,F,F,M,2,59691.3,N,38.04,21.94,0,256.7,0,CC,Budget,Standard,278.65,3
1849,F,F,M,2,59691.3,N,38.04,21.94,0,256.7,0,CC,Budget,Standard,278.65,3
2168,F,F,M,2,59691.3,N,38.04,21.94,0,256.7,0,CC,Budget,Standard,278.65,2
2437,F,F,M,2,59691.3,N,38.04,21.94,0,256.7,0,CC,Budget,Standard,278.65,4
2681,F,F,M,2,59691.3,N,38.04,21.94,0,256.7,0,CC,Budget,Standard,278.65,4
2945,F,F,M,2,59691.3,N,38.04,21.94,0,256.7,0,CC,Budget,Standard,278.65,3
3189,F,F,M,2,59691.3,N,38.04,21.94,0,256.7,0,CC,Budget,Standard,278.65,1
272,F,F,M,2,82644.2,Y,33.493333,21.97,0,19.88,0,CC,FreeLocal,Intnl_discount,41.85,4
784,F,F,M,2,82644.2,Y,33.493333,21.97,0,19.88,0,CC,FreeLocal,Intnl_discount,41.85,2
1296,F,F,M,2,82644.2,Y,33.493333,21.97,0,19.88,0,CC,FreeLocal,Intnl_discount,41.85,2
1808,F,F,M,2,82644.2,Y,33.493333,21.97,0,19.88,0,CC,FreeLocal,Intnl_discount,41.85,4
1320,F,M,M,0,62724.5,Y,55,21.99,8.29,52.4,0,Auto,FreeLocal,Standard,82.69,4
127,T,F,S,2,19131.1,N,56.186667,22.15,0,34.91,0,Auto,Budget,Standard,57.07,2
639,T,F,S,2,19131.1,N,56.186667,22.15,0,34.91,0,Auto,Budget,Standard,57.07,1
1151,T,F,S,2,19131.1,N,56.186667,22.15,0,34.91,0,Auto,Budget,Standard,57.07,2
1663,T,F,S,2,19131.1,N,56.186667,22.15,0,34.91,0,Auto,Budget,Standard,57.07,4
2098,T,F,S,2,19131.1,N,56.186667,22.15,0,34.91,0,Auto,Budget,Standard,57.07,4
2342,T,F,S,2,19131.1,N,56.186667,22.15,0,34.91,0,Auto,Budget,Standard,57.07,3
2367,T,F,S,2,19131.1,N,56.186667,22.15,0,34.91,0,Auto,Budget,Standard,57.07,4
2611,T,F,S,2,19131.1,N,56.186667,22.15,0,34.91,0,Auto,Budget,Standard,57.07,4
2875,T,F,S,2,19131.1,N,56.186667,22.15,0,34.91,0,Auto,Budget,Standard,57.07,1
3119,T,F,S,2,19131.1,N,56.186667,22.15,0,34.91,0,Auto,Budget,Standard,57.07,2
36,T,F,S,1,17540.7,Y,62.786667,22.17,0.57,13.45,0,Auto,Budget,Standard,36.2,4
548,T,F,S,1,17540.7,Y,62.786667,22.17,0.57,13.45,0,Auto,Budget,Standard,36.2,1
1060,T,F,S,1,17540.7,Y,62.786667,22.17,0.57,13.45,0,Auto,Budget,Standard,36.2,1
1572,T,F,S,1,17540.7,Y,62.786667,22.17,0.57,13.45,0,Auto,Budget,Standard,36.2,4
436,F,F,M,2,76289.2,N,48.206667,22.2,0,82.43,0,CC,Budget,Intnl_discount,104.63,2
948,F,F,M,2,76289.2,N,48.206667,22.2,0,82.43,0,CC,Budget,Intnl_discount,104.63,3
1460,F,F,M,2,76289.2,N,48.206667,22.2,0,82.43,0,CC,Budget,Intnl_discount,104.63,3
1972,F,F,M,2,76289.2,N,48.206667,22.2,0,82.43,0,CC,Budget,Intnl_discount,104.63,3
2230,F,F,M,2,76289.2,N,48.206667,22.2,0,82.43,0,CC,Budget,Intnl_discount,104.63,4
2499,F,F,M,2,76289.2,N,48.206667,22.2,0,82.43,0,CC,Budget,Intnl_discount,104.63,3
2743,F,F,M,2,76289.2,N,48.206667,22.2,0,82.43,0,CC,Budget,Intnl_discount,104.63,4
3007,F,F,M,2,76289.2,N,48.206667,22.2,0,82.43,0,CC,Budget,Intnl_discount,104.63,2
3251,F,F,M,2,76289.2,N,48.206667,22.2,0,82.43,0,CC,Budget,Intnl_discount,104.63,3
304,T,M,M,1,75799.9,N,46.38,22.24,7.02,64.8,0,CC,FreeLocal,Intnl_discount,94.06,3
816,T,M,M,1,75799.9,N,46.38,22.24,7.02,64.8,0,CC,FreeLocal,Intnl_discount,94.06,2
1328,T,M,M,1,75799.9,N,46.38,22.24,7.02,64.8,0,CC,FreeLocal,Intnl_discount,94.06,2
1840,T,M,M,1,75799.9,N,46.38,22.24,7.02,64.8,0,CC,FreeLocal,Intnl_discount,94.06,2
108,T,F,S,1,13109.1,N,62.606667,22.38,0,40.48,0,Auto,Budget,Standard,62.87,1
620,T,F,S,1,13109.1,N,62.606667,22.38,0,40.48,0,Auto,Budget,Standard,62.87,4
1132,T,F,S,1,13109.1,N,62.606667,22.38,0,40.48,0,Auto,Budget,Standard,62.87,1
1644,T,F,S,1,13109.1,N,62.606667,22.38,0,40.48,0,Auto,Budget,Standard,62.87,2
2082,T,F,S,1,13109.1,N,62.606667,22.38,0,40.48,0,Auto,Budget,Standard,62.87,3
2326,T,F,S,1,13109.1,N,62.606667,22.38,0,40.48,0,Auto,Budget,Standard,62.87,2
2351,T,F,S,1,13109.1,N,62.606667,22.38,0,40.48,0,Auto,Budget,Standard,62.87,2
2595,T,F,S,1,13109.1,N,62.606667,22.38,0,40.48,0,Auto,Budget,Standard,62.87,3
2859,T,F,S,1,13109.1,N,62.606667,22.38,0,40.48,0,Auto,Budget,Standard,62.87,3
3103,T,F,S,1,13109.1,N,62.606667,22.38,0,40.48,0,Auto,Budget,Standard,62.87,4
29,T,M,M,1,7545.96,Y,16.753333,22.39,0,178.36,0,CC,Budget,Standard,200.75,3
541,T,M,M,1,7545.96,Y,16.753333,22.39,0,178.36,0,CC,Budget,Standard,200.75,3
1053,T,M,M,1,7545.96,Y,16.753333,22.39,0,178.36,0,CC,Budget,Standard,200.75,2
1565,T,M,M,1,7545.96,Y,16.753333,22.39,0,178.36,0,CC,Budget,Standard,200.75,2
2064,T,M,M,1,7545.96,Y,16.753333,22.39,0,178.36,0,CC,Budget,Standard,200.75,4
2308,T,M,M,1,7545.96,Y,16.753333,22.39,0,178.36,0,CC,Budget,Standard,200.75,1
2577,T,M,M,1,7545.96,Y,16.753333,22.39,0,178.36,0,CC,Budget,Standard,200.75,2
2821,T,M,M,1,7545.96,Y,16.753333,22.39,0,178.36,0,CC,Budget,Standard,200.75,1
2841,T,M,M,1,7545.96,Y,16.753333,22.39,0,178.36,0,CC,Budget,Standard,200.75,1
3085,T,M,M,1,7545.96,Y,16.753333,22.39,0,178.36,0,CC,Budget,Standard,200.75,3
236,T,F,S,2,23464,Y,70,22.43,0,41.71,0,CC,Budget,Intnl_discount,64.14,3
748,T,F,S,2,23464,Y,61,22.43,0,41.71,0,CC,Budget,Intnl_discount,64.14,3
1260,T,F,S,2,23464,Y,55,22.43,0,41.71,0,CC,Budget,Intnl_discount,64.14,3
1772,T,F,S,2,23464,Y,52,22.43,0,41.71,0,CC,Budget,Intnl_discount,64.14,1
426,F,F,M,2,88427,N,13.86,22.46,4.16,43.34,0,CC,Budget,Standard,69.97,3
938,F,F,M,2,88427,N,13.86,22.46,4.16,43.34,0,CC,Budget,Standard,69.97,2
1450,F,F,M,2,88427,N,13.86,22.46,4.16,43.34,0,CC,Budget,Standard,69.97,3
1962,F,F,M,2,88427,N,13.86,22.46,4.16,43.34,0,CC,Budget,Standard,69.97,3
2220,F,F,M,2,88427,N,13.86,22.46,4.16,43.34,0,CC,Budget,Standard,69.97,3
2489,F,F,M,2,88427,N,13.86,22.46,4.16,43.34,0,CC,Budget,Standard,69.97,1
2733,F,F,M,2,88427,N,13.86,22.46,4.16,43.34,0,CC,Budget,Standard,69.97,2
2997,F,F,M,2,88427,N,13.86,22.46,4.16,43.34,0,CC,Budget,Standard,69.97,4
3241,F,F,M,2,88427,N,13.86,22.46,4.16,43.34,0,CC,Budget,Standard,69.97,4
160,F,F,S,0,73228.3,N,62,22.47,0,28.11,0,Auto,Budget,Standard,50.58,4
672,F,F,S,0,73228.3,N,43,22.47,0,28.11,0,Auto,Budget,Standard,50.58,2
1184,F,F,S,0,73228.3,N,46,22.47,0,28.11,0,Auto,Budget,Standard,50.58,3
1696,F,F,S,0,73228.3,N,61,22.47,0,28.11,0,Auto,Budget,Standard,50.58,3
2114,F,F,S,0,73228.3,N,52.646667,22.47,0,28.11,0,Auto,Budget,Standard,50.58,2
2383,F,F,S,0,73228.3,N,43,22.47,0,28.11,0,Auto,Budget,Standard,50.58,2
2627,F,F,S,0,73228.3,N,70,22.47,0,28.11,0,Auto,Budget,Standard,50.58,1
2891,F,F,S,0,73228.3,N,55,22.47,0,28.11,0,Auto,Budget,Standard,50.58,3
3135,F,F,S,0,73228.3,N,42,22.47,0,28.11,0,Auto,Budget,Standard,50.58,2
241,F,F,S,0,85275,N,47,22.48,0,151.61,0,Auto,FreeLocal,Intnl_discount,174.09,2
753,F,F,S,0,85275,N,62,22.48,0,151.61,0,Auto,FreeLocal,Intnl_discount,174.09,1
1265,F,F,D,1,85275,N,70,22.48,0,151.61,0,Auto,FreeLocal,Intnl_discount,174.09,3
1777,F,F,S,0,85275,N,42,22.48,0,151.61,0,Auto,FreeLocal,Intnl_discount,174.09,4
2149,F,F,S,0,85275,N,47,22.48,0,151.61,0,Auto,FreeLocal,Intnl_discount,174.09,1
2418,F,F,S,0,85275,N,62,22.48,0,151.61,0,Auto,FreeLocal,Intnl_discount,174.09,1
2662,F,F,S,0,85275,N,70,22.48,0,151.61,0,Auto,FreeLocal,Intnl_discount,174.09,3
2926,F,F,D,1,85275,N,52,22.48,0,151.61,0,Auto,FreeLocal,Intnl_discount,174.09,3
3170,F,F,S,0,85275,N,47,22.48,0,151.61,0,Auto,FreeLocal,Intnl_discount,174.09,1
139,F,F,S,2,6440.46,Y,52.646667,22.66,0,27.2,0,CH,Budget,Standard,49.86,1
651,F,F,S,2,6440.46,Y,41,22.66,0,27.2,0,CH,Budget,Standard,49.86,2
1163,F,F,S,2,6440.46,Y,43,22.66,0,27.2,0,CH,Budget,Standard,49.86,2
1675,F,F,S,2,6440.46,Y,70,22.66,0,27.2,0,CH,Budget,Standard,49.86,4
2102,F,F,S,2,6440.46,Y,48,22.66,0,27.2,0,CH,Budget,Standard,49.86,2
2371,F,F,S,2,6440.46,Y,41,22.66,0,27.2,0,CH,Budget,Standard,49.86,4
2615,F,F,S,2,6440.46,Y,46,22.66,0,27.2,0,CH,Budget,Standard,49.86,1
2879,F,F,S,2,6440.46,Y,61,22.66,0,27.2,0,CH,Budget,Standard,49.86,1
3123,F,F,S,2,6440.46,Y,52,22.66,0,27.2,0,CH,Budget,Standard,49.86,4
117,F,M,M,1,13091.6,N,59.126667,22.79,0,20.26,0,CC,Budget,Intnl_discount,43.06,2
629,F,M,M,1,13091.6,N,59.126667,22.79,0,20.26,0,CC,Budget,Intnl_discount,43.06,3
1141,F,M,M,1,13091.6,N,59.126667,22.79,0,20.26,0,CC,Budget,Intnl_discount,43.06,4
1653,F,M,M,1,13091.6,N,59.126667,22.79,0,20.26,0,CC,Budget,Intnl_discount,43.06,4
2090,F,M,M,1,13091.6,N,59.126667,22.79,0,20.26,0,CC,Budget,Intnl_discount,43.06,1
2334,F,M,M,1,13091.6,N,59.126667,22.79,0,20.26,0,CC,Budget,Intnl_discount,43.06,4
2359,F,M,M,1,13091.6,N,59.126667,22.79,0,20.26,0,CC,Budget,Intnl_discount,43.06,2
2603,F,M,M,1,13091.6,N,59.126667,22.79,0,20.26,0,CC,Budget,Intnl_discount,43.06,2
2867,F,M,M,1,13091.6,N,59.126667,22.79,0,20.26,0,CC,Budget,Intnl_discount,43.06,4
3111,F,M,M,1,13091.6,N,59.126667,22.79,0,20.26,0,CC,Budget,Intnl_discount,43.06,4
257,F,F,S,1,68000,N,60,22.82,0,63.29,0,Auto,FreeLocal,Standard,86.12,3
769,F,F,S,1,70000,N,56.193333,22.82,0,63.29,0,Auto,FreeLocal,Standard,86.12,1
1281,F,F,S,1,66000,N,52,22.82,0,63.29,0,Auto,FreeLocal,Standard,86.12,4
96,T,F,M,0,38538.4,N,12.326667,22.86,8.32,16.48,0,CC,FreeLocal,Standard,47.66,3
608,T,F,M,0,38538.4,N,12.326667,22.86,8.32,16.48,0,CC,FreeLocal,Standard,47.66,3
1120,T,F,M,0,38538.4,N,12.326667,22.86,8.32,16.48,0,CC,FreeLocal,Standard,47.66,1
1632,T,F,M,0,38538.4,N,12.326667,22.86,8.32,16.48,0,CC,FreeLocal,Standard,47.66,1
255,T,F,S,0,39461,N,22.226667,22.87,0.28,103.52,1,CC,FreeLocal,Standard,126.68,4
767,T,F,S,0,39461,N,22.226667,22.87,0.28,103.52,1,CC,FreeLocal,Standard,126.68,1
1279,T,F,S,0,39461,N,22.226667,22.87,0.28,103.52,1,CC,FreeLocal,Standard,126.68,2
1791,T,F,S,0,39461,N,22.226667,22.87,0.28,103.52,1,CC,FreeLocal,Standard,126.68,1
2158,T,F,S,0,39461,N,22.226667,22.87,0.28,103.52,1,CC,FreeLocal,Standard,126.68,4
2427,T,F,S,0,39461,N,22.226667,22.87,0.28,103.52,1,CC,FreeLocal,Standard,126.68,1
2671,T,F,S,0,39461,N,22.226667,22.87,0.28,103.52,1,CC,FreeLocal,Standard,126.68,1
2935,T,F,S,0,39461,N,22.226667,22.87,0.28,103.52,1,CC,FreeLocal,Standard,126.68,4
3179,T,F,S,0,39461,N,22.226667,22.87,0.28,103.52,1,CC,FreeLocal,Standard,126.68,1
310,T,F,S,0,32098,N,22.433333,22.96,8.28,75.27,0,CH,Budget,Intnl_discount,106.53,2
822,T,F,S,0,35000,N,22.433333,22.96,8.28,75.27,0,CH,Budget,Intnl_discount,106.53,4
1334,T,F,S,0,38000,N,22.433333,22.96,8.28,75.27,0,CH,Budget,Intnl_discount,106.53,2
1846,T,F,S,0,37000,N,22.433333,22.96,8.28,75.27,0,CH,Budget,Intnl_discount,106.53,4
295,T,F,S,0,20913.6,N,53.013333,22.99,7.16,65.77,0,CC,FreeLocal,Standard,95.93,4
807,T,F,S,0,20913.6,N,53.013333,22.99,7.16,65.77,0,CC,FreeLocal,Standard,95.93,1
1319,T,F,S,0,20913.6,N,53.013333,22.99,7.16,65.77,0,CC,FreeLocal,Standard,95.93,1
1831,T,F,S,0,20913.6,N,53.013333,22.99,7.16,65.77,0,CC,FreeLocal,Standard,95.93,3
339,F,F,S,0,92564.1,Y,49.133333,23.17,0,51.68,0,Auto,FreeLocal,Standard,74.86,3
851,F,F,S,0,92564.1,Y,49.133333,23.17,0,51.68,0,Auto,FreeLocal,Standard,74.86,3
1363,F,F,S,0,92564.1,Y,49.133333,23.17,0,51.68,0,Auto,FreeLocal,Standard,74.86,1
1875,F,F,S,0,92564.1,Y,49.133333,23.17,0,51.68,0,Auto,FreeLocal,Standard,74.86,3
182,T,F,S,1,12686,N,64.8,23.23,0,80.64,0,Auto,Budget,Standard,103.88,2
694,T,F,S,1,12686,N,64.8,23.23,0,80.64,0,Auto,Budget,Standard,103.88,1
1206,T,F,S,1,12686,N,64.8,23.23,0,80.64,0,Auto,Budget,Standard,103.88,4
1718,T,F,S,1,12686,N,64.8,23.23,0,80.64,0,Auto,Budget,Standard,103.88,3
203,F,F,M,2,48238.8,N,34.706667,23.28,0,168.03,0,CC,FreeLocal,Standard,191.32,4
715,F,F,M,2,48238.8,N,34.706667,23.28,0,168.03,0,CC,FreeLocal,Standard,191.32,1
1227,F,F,M,2,48238.8,N,34.706667,23.28,0,168.03,0,CC,FreeLocal,Standard,191.32,1
1739,F,F,M,2,48238.8,N,34.706667,23.28,0,168.03,0,CC,FreeLocal,Standard,191.32,1
499,F,F,S,1,49072,N,47,23.5,0,10.74,0,Auto,Budget,Intnl_discount,34.25,2
1011,F,F,S,1,49072,N,48,23.5,0,10.74,0,Auto,Budget,Intnl_discount,34.25,3
1523,F,F,S,1,49072,N,62,23.5,0,10.74,0,Auto,Budget,Intnl_discount,34.25,2
2035,F,F,S,1,49072,N,42,23.5,0,10.74,0,Auto,Budget,Intnl_discount,34.25,2
2281,F,F,S,1,49072,N,43,23.5,0,10.74,0,Auto,Budget,Intnl_discount,34.25,3
2550,F,F,S,1,49072,N,52.646667,23.5,0,10.74,0,Auto,Budget,Intnl_discount,34.25,2
2794,F,F,S,1,49072,N,41,23.5,0,10.74,0,Auto,Budget,Intnl_discount,34.25,4
3058,F,F,S,1,49072,N,46,23.5,0,10.74,0,Auto,Budget,Intnl_discount,34.25,1
3302,F,F,S,1,49072,N,70,23.5,0,10.74,0,Auto,Budget,Intnl_discount,34.25,1
1,T,F,S,1,38000,N,24.393333,23.56,0,206.08,0,CC,Budget,Intnl_discount,229.64,3
513,T,F,S,1,37000,N,24.393333,23.56,0,206.08,0,CC,Budget,Intnl_discount,229.64,2
1025,T,F,S,1,41000,N,24.393333,23.56,0,206.08,0,CC,Budget,Intnl_discount,229.64,2
1537,T,F,S,1,42000,N,24.393333,23.56,0,206.08,0,CC,Budget,Intnl_discount,229.64,2
2050,T,F,S,1,35089,N,24.393333,23.56,0,206.08,0,CC,Budget,Intnl_discount,229.64,4
2294,T,F,S,1,32098,N,24.393333,23.56,0,206.08,0,CC,Budget,Intnl_discount,229.64,1
2563,T,F,S,1,35000,N,24.393333,23.56,0,206.08,0,CC,Budget,Intnl_discount,229.64,2
2807,T,F,S,1,38000,N,24.393333,23.56,0,206.08,0,CC,Budget,Intnl_discount,229.64,3
2827,T,F,S,1,37000,N,24.393333,23.56,0,206.08,0,CC,Budget,Intnl_discount,229.64,1
3071,T,F,S,1,41000,N,24.393333,23.56,0,206.08,0,CC,Budget,Intnl_discount,229.64,4
3315,T,F,S,1,42000,N,24.393333,23.56,0,206.08,0,CC,Budget,Intnl_discount,229.64,3
285,F,F,M,0,98056.3,N,55.966667,23.7,0,126.96,0,Auto,FreeLocal,Standard,150.67,3
797,F,F,M,0,98056.3,N,55.966667,23.7,0,126.96,0,Auto,FreeLocal,Standard,150.67,1
1309,F,F,M,0,98056.3,N,55.966667,23.7,0,126.96,0,Auto,FreeLocal,Standard,150.67,3
1821,F,F,M,0,98056.3,N,55.966667,23.7,0,126.96,0,Auto,FreeLocal,Standard,150.67,4
75,F,F,S,0,68427.4,N,42.393333,23.76,0,50.05,0,Auto,FreeLocal,Standard,73.81,3
587,F,F,D,1,68427.4,N,42.393333,23.76,0,50.05,0,Auto,FreeLocal,Standard,73.81,4
1099,F,F,D,1,68427.4,N,42.393333,23.76,0,50.05,0,Auto,FreeLocal,Standard,73.81,1
1611,F,F,S,0,68427.4,N,42.393333,23.76,0,50.05,0,Auto,FreeLocal,Standard,73.81,2
219,T,M,S,0,2056.06,Y,18.94,24.07,6.98,27.75,0,Auto,Budget,Standard,58.8,2
731,T,M,S,1,2056.06,Y,18.94,24.07,6.98,27.75,0,Auto,Budget,Standard,58.8,4
1243,T,M,D,0,2056.06,Y,18.94,24.07,6.98,27.75,0,Auto,Budget,Standard,58.8,3
1755,T,M,S,0,2056.06,Y,18.94,24.07,6.98,27.75,0,Auto,Budget,Standard,58.8,2
493,F,M,M,1,95448.6,Y,53.68,24.24,0,5.21,0,CH,Budget,Standard,29.46,3
1005,F,M,M,0,95448.6,Y,53.68,24.24,0,5.21,0,CH,Budget,Standard,29.46,4
1517,F,M,M,0,95448.6,Y,53.68,24.24,0,5.21,0,CH,Budget,Standard,29.46,4
2029,F,M,M,0,95448.6,Y,53.68,24.24,0,5.21,0,CH,Budget,Standard,29.46,4
2275,F,M,M,1,95448.6,Y,53.68,24.24,0,5.21,0,CH,Budget,Standard,29.46,4
2544,F,M,M,0,95448.6,Y,53.68,24.24,0,5.21,0,CH,Budget,Standard,29.46,3
2788,F,M,M,0,95448.6,Y,53.68,24.24,0,5.21,0,CH,Budget,Standard,29.46,4
3052,F,M,M,0,95448.6,Y,53.68,24.24,0,5.21,0,CH,Budget,Standard,29.46,1
3296,F,M,M,1,95448.6,Y,53.68,24.24,0,5.21,0,CH,Budget,Standard,29.46,3
379,F,F,M,2,68462.8,N,34.4,24.39,5.93,60.51,0,CC,FreeLocal,Standard,90.84,2
891,F,F,M,2,68462.8,N,34.4,24.39,5.93,60.51,0,CC,FreeLocal,Standard,90.84,1
1403,F,F,M,2,68462.8,N,34.4,24.39,5.93,60.51,0,CC,FreeLocal,Standard,90.84,4
1915,F,F,M,2,68462.8,N,34.4,24.39,5.93,60.51,0,CC,FreeLocal,Standard,90.84,1
2852,T,F,S,1,75397.8,Y,57.66,24.42,0,35.9,0,CC,FreeLocal,Standard,60.32,4
92,T,F,M,2,45429.7,Y,61.713333,24.7,0,73.04,0,CH,FreeLocal,Standard,97.74,2
604,T,F,M,2,45429.7,Y,61.713333,24.7,0,73.04,0,CH,FreeLocal,Standard,97.74,3
1116,T,F,M,2,45429.7,Y,61.713333,24.7,0,73.04,0,CH,FreeLocal,Standard,97.74,2
1628,T,F,M,2,45429.7,Y,61.713333,24.7,0,73.04,0,CH,FreeLocal,Standard,97.74,3
85,F,F,M,1,77129.1,Y,61.846667,24.77,0,20.07,0,CH,FreeLocal,Intnl_discount,44.85,4
8,F,M,M,0,19732.8,N,50.673333,24.81,0,22.44,0,CC,FreeLocal,Standard,47.25,3
520,F,M,M,0,19732.8,N,50.673333,24.81,0,22.44,0,CC,FreeLocal,Standard,47.25,2
1032,F,M,M,0,19732.8,N,50.673333,24.81,0,22.44,0,CC,FreeLocal,Standard,47.25,1
1544,F,M,M,0,19732.8,N,50.673333,24.81,0,22.44,0,CC,FreeLocal,Standard,47.25,4
244,F,F,M,2,94026.8,Y,27.746667,25,0,10.62,0,CC,FreeLocal,Intnl_discount,35.63,3
756,F,F,M,2,94026.8,Y,27.746667,25,0,10.62,0,CC,FreeLocal,Intnl_discount,35.63,2
1268,F,F,M,2,94026.8,Y,27.746667,25,0,10.62,0,CC,FreeLocal,Intnl_discount,35.63,3
1780,F,F,M,2,94026.8,Y,27.746667,25,0,10.62,0,CC,FreeLocal,Intnl_discount,35.63,4
355,T,F,S,2,8392.14,Y,36.68,25.03,7.33,54.8,0,CH,Budget,Intnl_discount,87.16,3
867,T,F,S,2,8392.14,Y,36.68,25.03,7.33,54.8,0,CH,Budget,Intnl_discount,87.16,1
1379,T,F,S,2,8392.14,Y,36.68,25.03,7.33,54.8,0,CH,Budget,Intnl_discount,87.16,3
1891,T,F,S,2,8392.14,Y,36.68,25.03,7.33,54.8,0,CH,Budget,Intnl_discount,87.16,1
246,F,F,S,2,57420,Y,61,25.18,0,252.53,1,Auto,Budget,Standard,277.72,2
758,F,F,S,2,57420,Y,55,25.18,0,252.53,1,Auto,Budget,Standard,277.72,4
1270,F,F,S,2,57420,Y,42,25.18,0,252.53,1,Auto,Budget,Standard,277.72,3
1782,F,F,S,2,57420,Y,43,25.18,0,252.53,1,Auto,Budget,Standard,277.72,4
2153,F,F,S,2,57420,Y,46,25.18,0,252.53,1,Auto,Budget,Standard,277.72,1
2422,F,F,S,2,57420,Y,52,25.18,0,252.53,1,Auto,Budget,Standard,277.72,3
2666,F,F,S,2,57420,Y,43,25.18,0,252.53,1,Auto,Budget,Standard,277.72,3
2930,F,F,S,2,57420,Y,47,25.18,0,252.53,1,Auto,Budget,Standard,277.72,2
3174,F,F,S,2,57420,Y,48,25.18,0,252.53,1,Auto,Budget,Standard,277.72,1
111,T,M,S,0,74460.7,Y,55.34,25.53,0.99,179.93,0,CC,FreeLocal,Standard,206.46,2
623,T,M,S,0,74460.7,Y,55.34,25.53,0.99,179.93,0,CC,FreeLocal,Standard,206.46,3
1135,T,M,S,0,74460.7,Y,55.34,25.53,0.99,179.93,0,CC,FreeLocal,Standard,206.46,2
1647,T,M,S,0,74460.7,Y,55.34,25.53,0.99,179.93,0,CC,FreeLocal,Standard,206.46,2
2085,T,M,S,0,74460.7,Y,55.34,25.53,0.99,179.93,0,CC,FreeLocal,Standard,206.46,3
2329,T,M,S,0,74460.7,Y,55.34,25.53,0.99,179.93,0,CC,FreeLocal,Standard,206.46,1
2354,T,M,S,0,74460.7,Y,55.34,25.53,0.99,179.93,0,CC,FreeLocal,Standard,206.46,3
2598,T,M,S,0,74460.7,Y,55.34,25.53,0.99,179.93,0,CC,FreeLocal,Standard,206.46,1
2862,T,M,S,0,74460.7,Y,55.34,25.53,0.99,179.93,0,CC,FreeLocal,Standard,206.46,3
3106,T,M,S,0,74460.7,Y,55.34,25.53,0.99,179.93,0,CC,FreeLocal,Standard,206.46,4
374,T,F,M,1,6946.07,N,23,25.77,0,8.84,0,CH,FreeLocal,Standard,34.61,2
886,T,F,M,1,34555,N,23,25.77,0,8.84,0,CH,FreeLocal,Standard,34.61,4
1981,T,F,S,2,42000,N,19,25.77,2.22,38.18,0,CC,FreeLocal,Standard,62.95,3
2503,T,F,M,1,32962.6,N,24,25.77,0,26.78,0,Auto,FreeLocal,Intnl_discount,48.08,3
2749,T,F,S,0,42000,N,23,25.77,0,61.44,0,CC,Budget,Standard,65.79,3
260,F,F,M,2,52957,Y,39.746667,25.79,0,125.52,2,CH,FreeLocal,Standard,151.32,2
772,F,F,M,2,52957,Y,39.746667,25.79,0,125.52,2,CH,FreeLocal,Standard,151.32,4
1284,F,F,M,2,52957,Y,39.746667,25.79,0,125.52,2,CH,FreeLocal,Standard,151.32,4
1796,F,F,M,2,52957,Y,39.746667,25.79,0,125.52,2,CH,FreeLocal,Standard,151.32,4
220,F,F,M,2,7776.6,N,35.706667,25.87,0,68.33,0,CC,FreeLocal,Standard,94.2,4
732,F,F,M,2,7776.6,N,35.706667,25.87,0,68.33,0,CC,FreeLocal,Standard,94.2,3
1244,F,F,M,2,7776.6,N,35.706667,25.87,0,68.33,0,CC,FreeLocal,Standard,94.2,1
1756,F,F,M,2,7776.6,N,35.706667,25.87,0,68.33,0,CC,FreeLocal,Standard,94.2,4
207,F,F,M,2,86695.4,N,13.906667,25.94,0,32.09,0,CC,FreeLocal,Standard,58.03,2
719,F,F,M,2,86695.4,N,13.906667,25.94,0,32.09,0,CC,FreeLocal,Standard,58.03,2
1231,F,F,M,2,86695.4,N,13.906667,25.94,0,32.09,0,CC,FreeLocal,Standard,58.03,1
1743,F,F,M,2,86695.4,N,13.906667,25.94,0,32.09,0,CC,FreeLocal,Standard,58.03,3
2136,F,F,M,2,86695.4,N,13.906667,25.94,0,32.09,0,CC,FreeLocal,Standard,58.03,1
2405,F,F,M,2,86695.4,N,13.906667,25.94,0,32.09,0,CC,FreeLocal,Standard,58.03,1
2649,F,F,M,2,86695.4,N,13.906667,25.94,0,32.09,0,CC,FreeLocal,Standard,58.03,1
2913,F,F,M,2,86695.4,N,13.906667,25.94,0,32.09,0,CC,FreeLocal,Standard,58.03,2
3157,F,F,M,2,86695.4,N,13.906667,25.94,0,32.09,0,CC,FreeLocal,Standard,58.03,4
440,T,F,M,1,14085.5,N,23,26,0,26.78,0,Auto,FreeLocal,Intnl_discount,48.08,1
442,T,F,S,0,40000,N,20,26,0,61.44,0,CC,Budget,Standard,65.79,2
952,T,F,M,1,40120,N,22,26,0,26.78,0,Auto,FreeLocal,Intnl_discount,48.08,4
954,T,F,S,0,40120,N,24,26,0,61.44,0,CC,Budget,Standard,65.79,2
309,T,F,S,0,41000,N,16.06,26.01,0,108.44,0,CC,Budget,Standard,134.45,4
821,T,F,D,1,13011.4,N,16.06,26.01,0,108.44,0,CC,Budget,Standard,134.45,3
1333,T,F,S,0,42000,N,16.06,26.01,0,108.44,0,CC,Budget,Standard,134.45,2
1845,T,F,S,1,35089,N,16.06,26.01,0,108.44,0,CC,Budget,Standard,134.45,2
11,F,M,S,2,96.33,N,56.473333,26.13,0,32.88,1,CC,Budget,Standard,59.01,1
523,F,M,S,2,96.33,N,56.473333,26.13,0,32.88,1,CC,Budget,Standard,59.01,4
1035,F,M,S,2,96.33,N,56.473333,26.13,0,32.88,1,CC,Budget,Standard,59.01,3
1547,F,M,S,2,96.33,N,56.473333,26.13,0,32.88,1,CC,Budget,Standard,59.01,4
231,F,F,M,2,21419.9,N,59.833333,26.39,0,103.12,0,CC,FreeLocal,Standard,129.51,1
743,F,F,M,2,21419.9,N,59.833333,26.39,0,103.12,0,CC,FreeLocal,Standard,129.51,1
1255,F,F,M,2,21419.9,N,59.833333,26.39,0,103.12,0,CC,FreeLocal,Standard,129.51,4
1767,F,M,M,2,21419.9,N,59.833333,26.39,0,103.12,0,CC,FreeLocal,Standard,129.51,1
337,T,M,M,0,5745,Y,15.38,26.4,0,17.71,0,CC,FreeLocal,Standard,44.11,1
849,T,M,M,0,5745,Y,15.38,26.4,0,17.71,0,CC,FreeLocal,Standard,44.11,1
1361,T,M,M,0,5745,Y,15.38,26.4,0,17.71,0,CC,FreeLocal,Standard,44.11,3
1873,T,M,M,0,5745,Y,15.38,26.4,0,17.71,0,CC,FreeLocal,Standard,44.11,2
2176,T,M,M,0,5745,Y,15.38,26.4,0,17.71,0,CC,FreeLocal,Standard,44.11,2
2445,T,M,M,0,5745,Y,15.38,26.4,0,17.71,0,CC,FreeLocal,Standard,44.11,1
2689,T,M,M,0,5745,Y,15.38,26.4,0,17.71,0,CC,FreeLocal,Standard,44.11,2
2953,T,M,M,0,5745,Y,15.38,26.4,0,17.71,0,CC,FreeLocal,Standard,44.11,4
3197,T,M,M,0,5745,Y,15.38,26.4,0,17.71,0,CC,FreeLocal,Standard,44.11,2
38,T,F,M,2,28220.8,N,38.766667,26.49,0,12.46,0,CC,FreeLocal,Standard,38.95,4
550,T,F,M,2,28220.8,N,38.766667,26.49,0,12.46,0,CC,FreeLocal,Standard,38.95,4
1062,T,F,M,2,28220.8,N,38.766667,26.49,0,12.46,0,CC,FreeLocal,Standard,38.95,4
1574,T,F,S,2,28220.8,N,38.766667,26.49,0,12.46,0,CC,FreeLocal,Standard,38.95,4
18,F,M,M,1,75004.5,N,64.8,26.52,0,32.19,0,CC,Budget,Intnl_discount,58.72,1
530,F,M,M,0,75004.5,N,64.8,26.52,0,32.19,0,CC,Budget,Intnl_discount,58.72,2
1042,F,M,M,0,75004.5,N,64.8,26.52,0,32.19,0,CC,Budget,Intnl_discount,58.72,1
1554,F,M,M,1,75004.5,N,64.8,26.52,0,32.19,0,CC,Budget,Intnl_discount,58.72,2
2057,F,M,M,1,75004.5,N,64.8,26.52,0,32.19,0,CC,Budget,Intnl_discount,58.72,2
2301,F,M,M,1,75004.5,N,64.8,26.52,0,32.19,0,CC,Budget,Intnl_discount,58.72,4
2570,F,M,M,0,75004.5,N,64.8,26.52,0,32.19,0,CC,Budget,Intnl_discount,58.72,1
2814,F,M,M,0,75004.5,N,64.8,26.52,0,32.19,0,CC,Budget,Intnl_discount,58.72,4
2834,F,M,M,1,75004.5,N,64.8,26.52,0,32.19,0,CC,Budget,Intnl_discount,58.72,2
3078,F,M,M,0,75004.5,N,64.8,26.52,0,32.19,0,CC,Budget,Intnl_discount,58.72,4
1277,F,F,M,0,71816.1,Y,60,26.57,0,25.26,0,CC,FreeLocal,Standard,51.83,4
353,F,F,M,0,14573.6,N,64.606667,26.61,0,236.97,0,CC,Budget,Standard,263.58,4
865,F,F,M,0,14573.6,N,64.606667,26.61,0,236.97,0,CC,Budget,Standard,263.58,4
1377,F,F,M,0,14573.6,N,64.606667,26.61,0,236.97,0,CC,Budget,Standard,263.58,4
2601,F,F,S,1,94278.7,Y,53.12,26.68,0,9.67,0,CC,FreeLocal,Standard,36.35,1
2865,T,F,S,1,94278.7,Y,53.12,26.68,0,9.67,0,CC,FreeLocal,Standard,36.35,4
73,F,F,M,2,83284.1,Y,28.42,26.91,0,9.04,0,Auto,FreeLocal,Intnl_discount,35.96,4
585,F,F,M,2,83284.1,Y,28.42,26.91,0,9.04,0,Auto,FreeLocal,Intnl_discount,35.96,3
1097,F,F,M,2,83284.1,Y,28.42,26.91,0,9.04,0,Auto,FreeLocal,Intnl_discount,35.96,3
1609,F,F,M,2,83284.1,Y,28.42,26.91,0,9.04,0,Auto,FreeLocal,Intnl_discount,35.96,3
148,F,M,M,2,91272.2,Y,25.033333,26.99,0,13.01,0,CC,FreeLocal,Standard,40,3
660,F,M,M,2,91272.2,Y,25.033333,26.99,0,13.01,0,CC,FreeLocal,Standard,40,3
1172,F,M,M,2,91272.2,Y,25.033333,26.99,0,13.01,0,CC,FreeLocal,Standard,40,1
1684,F,M,M,2,91272.2,Y,25.033333,26.99,0,13.01,0,CC,FreeLocal,Standard,40,2
2109,F,M,M,2,91272.2,Y,25.033333,26.99,0,13.01,0,CC,FreeLocal,Standard,40,3
2378,F,M,M,2,91272.2,Y,25.033333,26.99,0,13.01,0,CC,FreeLocal,Standard,40,2
2622,F,M,M,2,91272.2,Y,25.033333,26.99,0,13.01,0,CC,FreeLocal,Standard,40,4
2886,F,M,M,2,91272.2,Y,25.033333,26.99,0,13.01,0,CC,FreeLocal,Standard,40,2
3130,F,M,M,2,91272.2,Y,25.033333,26.99,0,13.01,0,CC,FreeLocal,Standard,40,4
441,T,F,S,0,32962.6,N,19,27,0,154.77,0,CC,Budget,Intnl_discount,168.28,2
953,T,F,S,0,40120,N,24,27,0,154.77,0,CC,Budget,Intnl_discount,168.28,3
1398,T,F,M,1,35000,N,22,27,0,8.84,0,CH,FreeLocal,Standard,34.61,3
1323,T,F,M,0,57255.4,N,27,27.05,1.98,78.37,1,CC,FreeLocal,Standard,107.41,1
349,T,F,S,0,919.93,N,38.26,27.28,0,93.42,0,CH,Budget,Standard,120.71,3
861,T,F,S,0,919.93,N,38.26,27.28,0,93.42,0,CH,Budget,Standard,120.71,4
1373,T,F,S,0,919.93,N,38.26,27.28,0,93.42,0,CH,Budget,Standard,120.71,2
1885,T,F,S,0,919.93,N,38.26,27.28,0,93.42,0,CH,Budget,Standard,120.71,2
383,F,F,M,2,63670.8,Y,46.146667,27.39,0,51.47,0,Auto,FreeLocal,Standard,78.87,2
895,F,F,M,2,63670.8,Y,46.146667,27.39,0,51.47,0,Auto,FreeLocal,Standard,78.87,3
1407,F,F,M,2,63670.8,Y,46.146667,27.39,0,51.47,0,Auto,FreeLocal,Standard,78.87,2
1919,T,M,M,1,63670.8,Y,46.146667,27.39,0,51.47,0,Auto,FreeLocal,Standard,78.87,1
178,F,M,M,2,49910.7,Y,51.52,27.42,0,23.72,0,CC,Budget,Standard,51.14,3
690,F,M,M,2,49910.7,Y,51.52,27.42,0,23.72,0,CC,Budget,Standard,51.14,1
1202,F,M,M,2,49910.7,Y,51.52,27.42,0,23.72,0,CC,Budget,Standard,51.14,4
1714,F,M,M,2,49910.7,Y,51.52,27.42,0,23.72,0,CC,Budget,Standard,51.14,4
2122,F,M,M,2,49910.7,Y,51.52,27.42,0,23.72,0,CC,Budget,Standard,51.14,1
2391,F,M,M,2,49910.7,Y,51.52,27.42,0,23.72,0,CC,Budget,Standard,51.14,3
2635,F,M,M,2,49910.7,Y,51.52,27.42,0,23.72,0,CC,Budget,Standard,51.14,3
2899,F,M,M,2,49910.7,Y,51.52,27.42,0,23.72,0,CC,Budget,Standard,51.14,4
3143,F,M,M,2,49910.7,Y,51.52,27.42,0,23.72,0,CC,Budget,Standard,51.14,3
283,F,F,M,0,80000,N,48,27.56,0,45.46,0,Auto,Budget,Standard,73.02,3
795,F,F,M,0,66666,N,67,27.56,0,45.46,0,Auto,Budget,Standard,73.02,1
1307,F,F,M,0,77000,N,55,27.56,0,45.46,0,Auto,Budget,Standard,73.02,1
421,T,M,M,0,60101.1,Y,63.766667,27.7,6.11,124.14,2,CH,FreeLocal,Standard,157.96,4
933,T,M,M,0,60101.1,Y,63.766667,27.7,6.11,124.14,2,CH,FreeLocal,Standard,157.96,2
1445,T,M,M,0,60101.1,Y,63.766667,27.7,6.11,124.14,2,CH,FreeLocal,Standard,157.96,4
1957,T,M,M,0,60101.1,Y,63.766667,27.7,6.11,124.14,2,CH,FreeLocal,Standard,157.96,4
121,T,F,M,1,20550.9,Y,22.12,27.72,0.86,57.06,0,CC,Budget,Standard,85.64,3
633,T,F,M,1,20550.9,Y,22.12,27.72,0.86,57.06,0,CC,Budget,Standard,85.64,4
1145,T,F,M,1,20550.9,Y,22.12,27.72,0.86,57.06,0,CC,Budget,Standard,85.64,1
1657,T,F,M,1,20550.9,Y,22.12,27.72,0.86,57.06,0,CC,Budget,Standard,85.64,4
2094,T,F,M,1,20550.9,Y,22.12,27.72,0.86,57.06,0,CC,Budget,Standard,85.64,3
2338,T,F,M,1,20550.9,Y,22.12,27.72,0.86,57.06,0,CC,Budget,Standard,85.64,1
2363,T,F,M,1,20550.9,Y,22.12,27.72,0.86,57.06,0,CC,Budget,Standard,85.64,4
2607,T,F,M,1,20550.9,Y,22.12,27.72,0.86,57.06,0,CC,Budget,Standard,85.64,2
2871,T,F,M,1,20550.9,Y,22.12,27.72,0.86,57.06,0,CC,Budget,Standard,85.64,3
3115,T,F,M,1,20550.9,Y,22.12,27.72,0.86,57.06,0,CC,Budget,Standard,85.64,1
302,F,M,M,2,67339.8,N,17.006667,27.83,5.19,48.69,0,CC,FreeLocal,Intnl_discount,81.72,2
814,F,M,M,2,67339.8,N,17.006667,27.83,5.19,48.69,0,CC,FreeLocal,Intnl_discount,81.72,3
1326,F,M,M,2,67339.8,N,17.006667,27.83,5.19,48.69,0,CC,FreeLocal,Intnl_discount,81.72,3
1838,F,M,M,2,67339.8,N,17.006667,27.83,5.19,48.69,0,CC,FreeLocal,Intnl_discount,81.72,2
114,T,F,S,2,28787.4,N,41.666667,27.97,0,58.09,0,Auto,Budget,Standard,86.06,2
626,T,F,S,2,28787.4,N,41.666667,27.97,0,58.09,0,Auto,Budget,Standard,86.06,3
1138,T,F,S,2,28787.4,N,41.666667,27.97,0,58.09,0,Auto,Budget,Standard,86.06,1
1650,T,F,S,2,28787.4,N,41.666667,27.97,0,58.09,0,Auto,Budget,Standard,86.06,1
2087,T,F,S,2,28787.4,N,41.666667,27.97,0,58.09,0,Auto,Budget,Standard,86.06,3
2331,T,F,S,2,28787.4,N,41.666667,27.97,0,58.09,0,Auto,Budget,Standard,86.06,1
2356,T,F,S,2,28787.4,N,41.666667,27.97,0,58.09,0,Auto,Budget,Standard,86.06,4
2600,T,F,S,2,28787.4,N,41.666667,27.97,0,58.09,0,Auto,Budget,Standard,86.06,4
2864,T,F,S,2,28787.4,N,41.666667,27.97,0,58.09,0,Auto,Budget,Standard,86.06,3
3108,T,F,S,2,28787.4,N,41.666667,27.97,0,58.09,0,Auto,Budget,Standard,86.06,2
205,F,F,M,0,28770.9,N,12.34,27.99,5.32,16.27,0,CH,FreeLocal,Standard,49.6,4
717,T,F,M,0,28770.9,N,12.34,27.99,5.32,16.27,0,CH,FreeLocal,Standard,49.6,3
1229,T,F,M,0,28770.9,N,12.34,27.99,5.32,16.27,0,CH,FreeLocal,Standard,49.6,3
1741,F,F,M,0,28770.9,N,12.34,27.99,5.32,16.27,0,CH,FreeLocal,Standard,49.6,4
423,T,F,M,1,13829.4,N,22,28,0,160.42,0,CC,FreeLocal,Standard,176.61,1
1979,T,F,S,2,39000,N,22,28,0,35.73,0,Auto,Budget,Standard,41.78,1
2494,T,F,S,0,41000,N,22,28,0,262.91,0,CC,Budget,Standard,265.78,1
2748,T,F,S,0,43000,N,24,28,0,154.77,0,CC,Budget,Intnl_discount,168.28,4
3016,T,F,S,2,43000,N,23,28,2.22,38.18,0,CC,FreeLocal,Standard,62.95,2
469,F,F,M,2,64977.4,N,38.193333,28.11,0,17.66,0,CC,FreeLocal,Standard,45.77,2
981,F,F,M,2,64977.4,N,38.193333,28.11,0,17.66,0,CC,FreeLocal,Standard,45.77,3
1493,F,F,M,2,64977.4,N,38.193333,28.11,0,17.66,0,CC,FreeLocal,Standard,45.77,2
2005,F,F,M,2,64977.4,N,38.193333,28.11,0,17.66,0,CC,FreeLocal,Standard,45.77,3
2602,F,F,M,0,83900.2,N,45.04,28.21,0,8.62,0,CC,FreeLocal,Intnl_discount,36.83,1
2866,T,F,M,0,83900.2,N,45.04,28.21,0,8.62,0,CC,FreeLocal,Intnl_discount,36.83,4
237,F,F,M,2,194.57,N,42,28.26,0,38.95,0,CC,FreeLocal,Standard,67.21,4
749,F,F,M,2,194.57,N,47,28.26,0,38.95,0,CC,FreeLocal,Standard,67.21,2
1261,F,F,M,2,194.57,N,41,28.26,0,38.95,0,CC,FreeLocal,Standard,67.21,4
1773,F,F,M,2,194.57,N,70,28.26,0,38.95,0,CC,FreeLocal,Standard,67.21,2
315,T,F,S,2,11251.1,Y,61,28.42,0,113.48,0,CC,FreeLocal,Standard,141.91,2
827,T,F,S,2,11251.1,Y,52,28.42,0,113.48,0,CC,FreeLocal,Standard,141.91,4
1339,T,F,S,2,11251.1,Y,43,28.42,0,113.48,0,CC,FreeLocal,Standard,141.91,2
1851,T,F,S,2,11251.1,Y,47,28.42,0,113.48,0,CC,FreeLocal,Standard,141.91,4
2169,T,F,S,2,11251.1,Y,52.646667,28.42,0,113.48,0,CC,FreeLocal,Standard,141.91,4
2438,T,F,S,2,11251.1,Y,41,28.42,0,113.48,0,CC,FreeLocal,Standard,141.91,2
2608,F,F,S,0,76142,N,32.02,28.42,0,84.1,0,CC,FreeLocal,Standard,112.53,2
2682,T,F,S,2,11251.1,Y,46,28.42,0,113.48,0,CC,FreeLocal,Standard,141.91,4
2946,T,F,S,2,11251.1,Y,61,28.42,0,113.48,0,CC,FreeLocal,Standard,141.91,4
3190,T,F,S,2,11251.1,Y,52,28.42,0,113.48,0,CC,FreeLocal,Standard,141.91,2
446,T,F,S,1,40120,N,24,28.45,0,106.3,0,CC,Budget,Standard,134.75,4
958,T,F,S,1,40120,N,21,28.45,0,106.3,0,CC,Budget,Standard,134.75,1
1470,T,F,S,1,2800.68,N,45.673333,28.45,0,106.3,0,CC,Budget,Standard,134.75,1
1982,T,F,S,1,2800.68,N,45.673333,28.45,0,106.3,0,CC,Budget,Standard,134.75,2
2240,T,F,S,1,2800.68,N,45.673333,28.45,0,106.3,0,CC,Budget,Standard,134.75,4
2509,T,F,S,1,2800.68,N,45.673333,28.45,0,106.3,0,CC,Budget,Standard,134.75,1
2753,T,F,S,1,2800.68,N,45.673333,28.45,0,106.3,0,CC,Budget,Standard,134.75,4
3017,T,F,S,1,2800.68,N,45.673333,28.45,0,106.3,0,CC,Budget,Standard,134.75,1
3261,T,F,S,1,2800.68,N,45.673333,28.45,0,106.3,0,CC,Budget,Standard,134.75,3
140,T,F,S,0,7325.5,N,36.92,28.52,0,161.54,0,CC,FreeLocal,Intnl_discount,190.06,2
652,T,F,S,0,7325.5,N,36.92,28.52,0,161.54,0,CC,FreeLocal,Intnl_discount,190.06,2
1164,T,F,S,0,7325.5,N,36.92,28.52,0,161.54,0,CC,FreeLocal,Intnl_discount,190.06,3
1676,T,F,S,0,7325.5,N,36.92,28.52,0,161.54,0,CC,FreeLocal,Intnl_discount,190.06,2
492,F,F,M,1,8073.11,N,43,28.7,0,60.35,0,Auto,FreeLocal,Standard,89.05,2
1004,F,F,M,1,8073.11,N,46,28.7,0,60.35,0,Auto,FreeLocal,Standard,89.05,4
1516,F,F,M,1,8073.11,N,48,28.7,0,60.35,0,Auto,FreeLocal,Standard,89.05,3
2028,F,F,M,1,8073.11,N,55,28.7,0,60.35,0,Auto,FreeLocal,Standard,89.05,4
2274,F,F,M,1,8073.11,N,52,28.7,0,60.35,0,Auto,FreeLocal,Standard,89.05,2
2543,F,F,M,1,8073.11,N,47,28.7,0,60.35,0,Auto,FreeLocal,Standard,89.05,4
2787,F,F,M,1,8073.11,N,52.646667,28.7,0,60.35,0,Auto,FreeLocal,Standard,89.05,3
3051,F,F,M,1,8073.11,N,41,28.7,0,60.35,0,Auto,FreeLocal,Standard,89.05,3
3295,F,F,M,1,8073.11,N,43,28.7,0,60.35,0,Auto,FreeLocal,Standard,89.05,1
74,F,M,M,1,39229.1,N,26.26,28.82,4.74,13.53,0,CC,Budget,Intnl_discount,47.1,4
494,T,M,S,1,24141.5,Y,17.006667,28.82,0,97.05,0,CC,FreeLocal,Standard,125.87,4
586,F,M,M,1,39229.1,N,26.26,28.82,4.74,13.53,0,CC,Budget,Intnl_discount,47.1,4
1006,T,M,S,1,24141.5,Y,17.006667,28.82,0,97.05,0,CC,FreeLocal,Standard,125.87,1
1098,F,M,M,1,39229.1,N,26.26,28.82,4.74,13.53,0,CC,Budget,Intnl_discount,47.1,4
1518,T,M,S,1,24141.5,Y,17.006667,28.82,0,97.05,0,CC,FreeLocal,Standard,125.87,1
1610,F,M,M,1,39229.1,N,26.26,28.82,4.74,13.53,0,CC,Budget,Intnl_discount,47.1,4
2030,T,M,S,1,24141.5,Y,17.006667,28.82,0,97.05,0,CC,FreeLocal,Standard,125.87,2
2276,T,M,S,1,24141.5,Y,17.006667,28.82,0,97.05,0,CC,FreeLocal,Standard,125.87,1
2545,T,M,S,1,24141.5,Y,17.006667,28.82,0,97.05,0,CC,FreeLocal,Standard,125.87,4
2789,T,M,S,1,24141.5,Y,17.006667,28.82,0,97.05,0,CC,FreeLocal,Standard,125.87,3
3053,T,M,S,1,24141.5,Y,17.006667,28.82,0,97.05,0,CC,FreeLocal,Standard,125.87,3
3297,T,M,S,1,24141.5,Y,17.006667,28.82,0,97.05,0,CC,FreeLocal,Standard,125.87,3
37,T,F,M,0,83891.9,Y,61.02,28.92,0,45.47,0,CH,Budget,Standard,74.4,4
549,T,F,M,0,83891.9,Y,61.02,28.92,0,45.47,0,CH,Budget,Standard,74.4,4
1061,T,F,M,0,83891.9,Y,61.02,28.92,0,45.47,0,CH,Budget,Standard,74.4,4
1306,T,M,M,0,23000,Y,61.02,28.92,0,45.47,0,CH,Budget,Standard,74.4,4
1573,T,F,M,0,83891.9,Y,61.02,28.92,0,45.47,0,CH,Budget,Standard,74.4,4
2623,F,F,M,0,83891.9,Y,61.02,28.92,0,45.47,0,CH,Budget,Standard,74.4,2
935,T,F,M,1,13829.4,N,20,29,0,160.42,0,CC,FreeLocal,Standard,176.61,1
1976,T,F,M,1,14085.5,N,24,29,0,26.78,0,Auto,FreeLocal,Intnl_discount,48.08,2
2239,T,F,S,2,37000,N,23,29,2.22,38.18,0,CC,FreeLocal,Standard,62.95,3
2730,T,F,M,1,14085.5,N,19,29,0,160.42,0,CC,FreeLocal,Standard,176.61,1
3012,T,F,S,0,38000,N,24,29,0,154.77,0,CC,Budget,Intnl_discount,168.28,1
497,F,M,S,2,72084.7,N,55.64,29.11,0,9.02,0,CC,Budget,Intnl_discount,38.13,1
1009,F,M,S,2,72084.7,N,55.64,29.11,0,9.02,0,CC,Budget,Intnl_discount,38.13,2
1521,F,M,S,2,72084.7,N,55.64,29.11,0,9.02,0,CC,Budget,Intnl_discount,38.13,2
2033,F,M,S,2,72084.7,N,55.64,29.11,0,9.02,0,CC,Budget,Intnl_discount,38.13,2
2279,F,M,S,2,72084.7,N,55.64,29.11,0,9.02,0,CC,Budget,Intnl_discount,38.13,3
2548,F,M,S,2,72084.7,N,55.64,29.11,0,9.02,0,CC,Budget,Intnl_discount,38.13,1
2792,F,M,S,2,72084.7,N,55.64,29.11,0,9.02,0,CC,Budget,Intnl_discount,38.13,4
3056,F,M,S,2,72084.7,N,55.64,29.11,0,9.02,0,CC,Budget,Intnl_discount,38.13,3
3300,F,M,S,2,72084.7,N,55.64,29.11,0,9.02,0,CC,Budget,Intnl_discount,38.13,2
281,F,F,M,2,34577.7,N,63.253333,29.18,0,116.57,3,CH,Budget,Standard,145.75,2
793,F,F,M,2,34577.7,N,63.253333,29.18,0,116.57,3,CH,Budget,Standard,145.75,4
1305,F,F,M,2,34577.7,N,63.253333,29.18,0,116.57,3,CH,Budget,Standard,145.75,2
1817,F,F,M,2,34577.7,N,63.253333,29.18,0,116.57,3,CH,Budget,Standard,145.75,3
2599,F,F,M,1,43894.5,N,40.18,29.28,0,40.38,0,CC,FreeLocal,Intnl_discount,69.67,2
2863,T,F,M,1,43894.5,N,40.18,29.28,0,40.38,0,CC,FreeLocal,Intnl_discount,69.67,4
1327,F,F,M,1,88759.5,N,60,29.3,0,114.62,1,CC,FreeLocal,Standard,143.93,2
194,F,F,M,2,17888.7,N,55,29.41,0,332.46,0,CC,Budget,Standard,361.88,1
706,F,F,M,2,17888.7,N,43,29.41,0,332.46,0,CC,Budget,Standard,361.88,4
1218,F,F,M,2,17888.7,N,52.646667,29.41,0,332.46,0,CC,Budget,Standard,361.88,2
1730,F,F,M,2,17888.7,N,43,29.41,0,332.46,0,CC,Budget,Standard,361.88,4
191,T,M,M,0,92414.7,Y,45.513333,29.43,0,10.62,0,CC,FreeLocal,Standard,40.06,4
703,T,M,M,1,92414.7,Y,45.513333,29.43,0,10.62,0,CC,FreeLocal,Standard,40.06,4
1215,T,M,M,0,92414.7,Y,45.513333,29.43,0,10.62,0,CC,FreeLocal,Standard,40.06,1
1727,T,M,M,1,92414.7,Y,45.513333,29.43,0,10.62,0,CC,FreeLocal,Standard,40.06,4
2132,T,M,M,0,92414.7,Y,45.513333,29.43,0,10.62,0,CC,FreeLocal,Standard,40.06,3
2401,T,M,M,0,92414.7,Y,45.513333,29.43,0,10.62,0,CC,FreeLocal,Standard,40.06,3
2645,T,M,M,1,92414.7,Y,45.513333,29.43,0,10.62,0,CC,FreeLocal,Standard,40.06,3
2909,T,M,M,0,92414.7,Y,45.513333,29.43,0,10.62,0,CC,FreeLocal,Standard,40.06,1
3153,T,M,M,1,92414.7,Y,45.513333,29.43,0,10.62,0,CC,FreeLocal,Standard,40.06,4
104,T,M,S,2,43634.5,N,21.78,29.44,9.42,104.64,0,CC,Budget,Standard,143.5,1
616,T,M,S,2,43634.5,N,21.78,29.44,9.42,104.64,0,CC,Budget,Standard,143.5,4
1128,T,M,S,2,43634.5,N,21.78,29.44,9.42,104.64,0,CC,Budget,Standard,143.5,2
1640,T,M,S,2,43634.5,N,21.78,29.44,9.42,104.64,0,CC,Budget,Standard,143.5,3
2078,T,M,S,2,43634.5,N,21.78,29.44,9.42,104.64,0,CC,Budget,Standard,143.5,4
2322,T,M,S,2,43634.5,N,21.78,29.44,9.42,104.64,0,CC,Budget,Standard,143.5,3
2347,T,M,S,2,43634.5,N,21.78,29.44,9.42,104.64,0,CC,Budget,Standard,143.5,1
2591,T,M,S,2,43634.5,N,21.78,29.44,9.42,104.64,0,CC,Budget,Standard,143.5,3
2855,T,M,S,2,43634.5,N,21.78,29.44,9.42,104.64,0,CC,Budget,Standard,143.5,2
3099,T,M,S,2,43634.5,N,21.78,29.44,9.42,104.64,0,CC,Budget,Standard,143.5,1
456,F,F,M,2,98217.1,N,44.98,29.49,0,13.24,0,CC,FreeLocal,Standard,42.74,1
968,F,F,M,2,98217.1,N,44.98,29.49,0,13.24,0,CC,FreeLocal,Standard,42.74,4
1480,F,F,M,2,98217.1,N,44.98,29.49,0,13.24,0,CC,FreeLocal,Standard,42.74,4
1992,F,F,M,2,98217.1,N,44.98,29.49,0,13.24,0,CC,FreeLocal,Standard,42.74,4
2248,F,F,M,2,98217.1,N,44.98,29.49,0,13.24,0,CC,FreeLocal,Standard,42.74,3
2517,F,F,M,2,98217.1,N,44.98,29.49,0,13.24,0,CC,FreeLocal,Standard,42.74,1
2761,F,F,M,2,98217.1,N,44.98,29.49,0,13.24,0,CC,FreeLocal,Standard,42.74,2
3025,F,F,M,2,98217.1,N,44.98,29.49,0,13.24,0,CC,FreeLocal,Standard,42.74,4
3269,F,F,M,2,98217.1,N,44.98,29.49,0,13.24,0,CC,FreeLocal,Standard,42.74,4
326,T,M,M,0,100020,Y,52.266667,29.55,0,62.81,0,CH,Budget,Standard,92.37,4
838,T,M,M,0,65000,Y,52.266667,29.55,0,62.81,0,CH,Budget,Standard,92.37,1
1350,T,M,M,1,78000,Y,52.266667,29.55,0,62.81,0,CH,Budget,Standard,92.37,2
1862,T,M,M,0,69000,Y,52.266667,29.55,0,62.81,0,CH,Budget,Standard,92.37,3
218,F,F,M,0,83287,N,45.486667,29.64,0,90.18,4,Auto,FreeLocal,Intnl_discount,119.82,3
730,F,F,M,0,83287,N,56.193333,29.64,0,90.18,4,Auto,FreeLocal,Intnl_discount,119.82,4
1242,F,F,M,0,77000,N,63.353333,29.64,0,90.18,4,Auto,FreeLocal,Intnl_discount,119.82,4
1754,F,F,M,0,83287,N,67,29.64,0,90.18,4,Auto,FreeLocal,Intnl_discount,119.82,3
2140,F,F,M,0,83287,N,41,29.64,0,90.18,4,Auto,FreeLocal,Intnl_discount,119.82,1
2409,F,F,M,0,77000,N,42,29.64,0,90.18,4,Auto,FreeLocal,Intnl_discount,119.82,2
2653,F,F,M,0,66666,N,60,29.64,0,90.18,4,Auto,FreeLocal,Intnl_discount,119.82,2
2917,F,F,M,0,68000,N,45.486667,29.64,0,90.18,4,Auto,FreeLocal,Intnl_discount,119.82,2
3161,F,F,M,0,83287,N,44,29.64,0,90.18,4,Auto,FreeLocal,Intnl_discount,119.82,1
306,T,F,S,0,43382.3,N,16.073333,29.67,8.76,99.94,0,CH,FreeLocal,Standard,138.37,2
818,T,F,S,0,43382.3,N,16.073333,29.67,8.76,99.94,0,CH,FreeLocal,Standard,138.37,3
1330,T,F,S,0,43382.3,N,16.073333,29.67,8.76,99.94,0,CH,FreeLocal,Standard,138.37,4
1842,T,F,S,0,43382.3,N,16.073333,29.67,8.76,99.94,0,CH,FreeLocal,Standard,138.37,2
335,F,F,M,2,8032.16,N,45.666667,29.68,0,59.08,0,CC,FreeLocal,Standard,88.77,2
847,F,F,M,2,8032.16,N,45.666667,29.68,0,59.08,0,CC,FreeLocal,Standard,88.77,3
1359,F,F,M,2,8032.16,N,45.666667,29.68,0,59.08,0,CC,FreeLocal,Standard,88.77,1
1871,F,F,M,2,8032.16,N,45.666667,29.68,0,59.08,0,CC,FreeLocal,Standard,88.77,1
384,T,M,S,0,83287,N,45.486667,29.73,5.24,35.73,0,CC,Budget,Standard,70.7,2
896,T,M,S,0,80000,N,41,29.73,5.24,35.73,0,CC,Budget,Standard,70.7,3
1408,T,M,S,0,66666,N,77,29.73,5.24,35.73,0,CC,Budget,Standard,70.7,3
6,F,M,M,2,29616,N,49.426667,29.78,0,45.5,0,CH,FreeLocal,Standard,75.29,2
419,T,M,S,1,3960.5,N,14.693333,29.78,0,66.35,0,Auto,FreeLocal,Standard,96.13,2
518,F,M,M,2,29616,N,49.426667,29.78,0,45.5,0,CH,FreeLocal,Standard,75.29,1
931,T,M,S,1,3960.5,N,14.693333,29.78,0,66.35,0,Auto,FreeLocal,Standard,96.13,2
1030,F,M,M,2,29616,N,49.426667,29.78,0,45.5,0,CH,FreeLocal,Standard,75.29,4
1443,T,M,S,1,3960.5,N,14.693333,29.78,0,66.35,0,Auto,FreeLocal,Standard,96.13,4
1542,F,M,M,2,29616,N,49.426667,29.78,0,45.5,0,CH,FreeLocal,Standard,75.29,1
1955,T,M,S,1,3960.5,N,14.693333,29.78,0,66.35,0,Auto,FreeLocal,Standard,96.13,2
120,F,F,M,2,62061.8,Y,45.92,29.86,0,52.22,0,Auto,FreeLocal,Standard,82.08,2
632,F,F,M,2,62061.8,Y,45.92,29.86,0,52.22,0,Auto,FreeLocal,Standard,82.08,4
1144,F,F,M,2,62061.8,Y,45.92,29.86,0,52.22,0,Auto,FreeLocal,Standard,82.08,1
1656,F,F,M,2,62061.8,Y,45.92,29.86,0,52.22,0,Auto,FreeLocal,Standard,82.08,2
2093,F,F,M,2,62061.8,Y,45.92,29.86,0,52.22,0,Auto,FreeLocal,Standard,82.08,1
2337,F,F,M,2,62061.8,Y,45.92,29.86,0,52.22,0,Auto,FreeLocal,Standard,82.08,2
2362,F,F,M,2,62061.8,Y,45.92,29.86,0,52.22,0,Auto,FreeLocal,Standard,82.08,4
2606,F,F,M,2,62061.8,Y,45.92,29.86,0,52.22,0,Auto,FreeLocal,Standard,82.08,4
2870,F,F,M,2,62061.8,Y,45.92,29.86,0,52.22,0,Auto,FreeLocal,Standard,82.08,1
3114,F,F,M,2,62061.8,Y,45.92,29.86,0,52.22,0,Auto,FreeLocal,Standard,82.08,1
169,T,F,S,0,93322.1,Y,40.313333,29.92,0,8.79,0,CH,Budget,Intnl_discount,38.72,1
681,T,F,S,0,93322.1,Y,40.313333,29.92,0,8.79,0,CH,Budget,Intnl_discount,38.72,1
1193,T,F,S,0,93322.1,Y,40.313333,29.92,0,8.79,0,CH,Budget,Intnl_discount,38.72,1
1705,T,F,S,0,93322.1,Y,40.313333,29.92,0,8.79,0,CH,Budget,Intnl_discount,38.72,1
2119,T,F,S,0,93322.1,Y,40.313333,29.92,0,8.79,0,CH,Budget,Intnl_discount,38.72,1
2388,T,F,S,0,93322.1,Y,40.313333,29.92,0,8.79,0,CH,Budget,Intnl_discount,38.72,1
2632,T,F,S,0,93322.1,Y,40.313333,29.92,0,8.79,0,CH,Budget,Intnl_discount,38.72,1
2896,T,F,S,0,93322.1,Y,40.313333,29.92,0,8.79,0,CH,Budget,Intnl_discount,38.72,1
3140,T,F,S,0,93322.1,Y,40.313333,29.92,0,8.79,0,CH,Budget,Intnl_discount,38.72,1
495,F,M,S,2,63152.6,Y,63.173333,29.93,0,40.07,0,CC,Budget,Intnl_discount,70.01,1
1007,F,M,S,2,63152.6,Y,63.173333,29.93,0,40.07,0,CC,Budget,Intnl_discount,70.01,1
1519,F,M,S,2,63152.6,Y,63.173333,29.93,0,40.07,0,CC,Budget,Intnl_discount,70.01,2
2031,F,M,S,2,63152.6,Y,63.173333,29.93,0,40.07,0,CC,Budget,Intnl_discount,70.01,2
2277,F,M,S,2,63152.6,Y,63.173333,29.93,0,40.07,0,CC,Budget,Intnl_discount,70.01,3
2546,F,M,S,2,63152.6,Y,63.173333,29.93,0,40.07,0,CC,Budget,Intnl_discount,70.01,4
2790,F,M,S,2,63152.6,Y,63.173333,29.93,0,40.07,0,CC,Budget,Intnl_discount,70.01,4
3054,F,M,S,2,63152.6,Y,63.173333,29.93,0,40.07,0,CC,Budget,Intnl_discount,70.01,3
3298,F,M,S,2,63152.6,Y,63.173333,29.93,0,40.07,0,CC,Budget,Intnl_discount,70.01,3
1321,F,F,S,1,49553.9,Y,48,29.94,0,48.6,0,CC,FreeLocal,Standard,78.54,1
431,T,F,S,0,35000,N,23,30,0,262.91,0,CC,Budget,Standard,265.78,3
943,T,F,S,0,40120,N,22,30,0,262.91,0,CC,Budget,Standard,265.78,3
1447,T,F,M,1,40120,N,24,30,0,160.42,0,CC,FreeLocal,Standard,176.61,1
1463,T,F,S,0,40120,Y,23,32,0,99.73,0,CC,FreeLocal,Standard,108.3,4
443,T,F,S,2,33330,N,21,33,0,35.73,0,Auto,Budget,Standard,41.78,3
444,T,F,S,1,32098,N,22,33,0,9.51,0,Auto,Budget,Intnl_discount,23.52,1
955,T,F,S,2,42000,N,23,33,0,35.73,0,Auto,Budget,Standard,41.78,4
956,T,F,S,0,40120,N,20,33,0,9.51,0,Auto,Budget,Intnl_discount,23.52,4
1978,T,F,S,0,35000,N,23,33,0,61.44,0,CC,Budget,Standard,65.79,1
2182,T,F,M,1,6946.07,N,20,33,0,8.84,0,CH,FreeLocal,Standard,34.61,3
2486,T,F,M,1,30000,N,21,33,0,160.42,0,CC,FreeLocal,Standard,176.61,1
2747,T,F,M,1,42000,N,24,33,0,26.78,0,Auto,FreeLocal,Intnl_discount,48.08,4
3014,T,F,S,2,42000,N,22,33,0,35.73,0,Auto,Budget,Standard,41.78,2
2217,T,F,M,1,13829.4,N,21,35,0,160.42,0,CC,FreeLocal,Standard,176.61,1
445,T,F,S,2,30090,N,24,37,2.22,38.18,0,CC,FreeLocal,Standard,62.95,1
957,T,F,S,2,40120,N,22,37,2.22,38.18,0,CC,FreeLocal,Standard,62.95,2
1455,T,F,S,0,40120,N,24,37,0,262.91,0,CC,Budget,Standard,265.78,3
2750,T,F,S,2,32098,N,22,38,0,35.73,0,Auto,Budget,Standard,41.78,4
1464,T,F,M,1,14085.5,N,24,39,0,26.78,0,Auto,FreeLocal,Intnl_discount,48.08,3
1467,T,F,S,2,43000,N,20,39,0,35.73,0,Auto,Budget,Standard,41.78,1
2225,T,F,S,0,38000,N,24,39,0,262.91,0,CC,Budget,Standard,265.78,3
2504,T,F,S,0,42000,N,21,39,0,154.77,0,CC,Budget,Intnl_discount,168.28,3
2752,T,F,S,2,35000,N,19,39,2.22,38.18,0,CC,FreeLocal,Standard,62.95,3
439,T,F,D,1,9309.57,Y,24,40,0,99.73,0,CC,FreeLocal,Standard,108.3,2
951,T,F,D,0,40120,Y,21,40,0,99.73,0,CC,FreeLocal,Standard,108.3,2
1959,T,F,M,1,13829.4,N,19,42,0,160.42,0,CC,FreeLocal,Standard,176.61,2
2236,T,F,S,0,43000,N,21,42,0,61.44,0,CC,Budget,Standard,65.79,3
2508,T,F,S,2,35089,N,18,42,2.22,38.18,0,CC,FreeLocal,Standard,62.95,3
3002,T,F,S,0,32962.6,N,24,42,0,262.91,0,CC,Budget,Standard,265.78,4
1466,T,F,S,0,42000,N,22,43,0,61.44,0,CC,Budget,Standard,65.79,4
1910,T,F,M,1,6946.07,N,20,43,0,8.84,0,CH,FreeLocal,Standard,34.61,1
2235,T,F,S,0,42000,N,24,43,0,154.77,0,CC,Budget,Intnl_discount,168.28,4
2506,T,F,S,2,42000,N,20,43,0,35.73,0,Auto,Budget,Standard,41.78,1
2994,T,F,M,1,14085.5,N,21,43,0,160.42,0,CC,FreeLocal,Standard,176.61,1
1967,T,F,S,0,30000,N,23,45,0,262.91,0,CC,Budget,Standard,265.78,1
1977,T,F,S,0,32962.6,N,24,45,0,154.77,0,CC,Budget,Intnl_discount,168.28,3
2237,T,F,S,2,42000,N,22,45,0,35.73,0,Auto,Budget,Standard,41.78,3
2451,T,F,M,1,13829.4,N,24,45,0,8.84,0,CH,FreeLocal,Standard,34.61,1
2695,T,F,M,1,13829.4,N,20,45,0,8.84,0,CH,FreeLocal,Standard,34.61,4
2738,T,F,S,0,32962.6,N,23,45,0,262.91,0,CC,Budget,Standard,265.78,1
3011,T,F,M,1,28000,N,23,45,0,26.78,0,Auto,FreeLocal,Intnl_discount,48.08,3
3013,T,F,S,0,32962.6,N,21,45,0,61.44,0,CC,Budget,Standard,65.79,2
1465,T,F,S,0,32962.6,N,21,59,0,154.77,0,CC,Budget,Intnl_discount,168.28,4
1469,T,F,S,2,42000,N,18,59,2.22,38.18,0,CC,FreeLocal,Standard,62.95,4
2234,T,F,M,1,32962.6,N,23,59,0,26.78,0,Auto,FreeLocal,Intnl_discount,48.08,1
2505,T,F,S,0,39000,N,22,59,0,61.44,0,CC,Budget,Standard,65.79,1
2959,T,F,M,1,30000,N,20,59,0,8.84,0,CH,FreeLocal,Standard,34.61,2